slug,product_name,image_url_1,image_url_2,image_url_3,Has Variants
1-x-8-hdmi-splitter-with-4k-ultra-hd-full-resolution-1080p-with-3d-support-with-,"1 X 8 HDMI Splitter with 4K Ultra HD Full Resolution, 1080P with 3D Support, with Power Adapter",https://m.media-amazon.com/images/I/51D2ZhCm-gL._AC_SL1500_.jpg,https://m.media-amazon.com/images/I/51IDeyFmBSL._AC_.jpg,https://m.media-amazon.com/images/I/41Z0jmycvFL._AC_.jpg,
12l-stainless-steel-tumbler-cup-wiith-straw-silicone-seal-black,1.2L STAINLESS STEEL TUMBLER CUP WIITH STRAW & SILICONE SEAL (BLACK),https://m.media-amazon.com/images/I/517Mk+Tr3aL._AC_SL1200_.jpg,,,
12l-stainless-steel-tumbler-cup-wiith-straw-silicone-seal-pink,1.2L STAINLESS STEEL TUMBLER CUP WIITH STRAW & SILICONE SEAL (PINK),https://m.media-amazon.com/images/I/41HmlOKaZBL._AC_SL1200_.jpg,,,
12l-stainless-steel-tumbler-cup-wiith-straw-silicone-seal-purple,1.2L STAINLESS STEEL TUMBLER CUP WIITH STRAW & SILICONE SEAL (PURPLE),https://m.media-amazon.com/images/I/4119Uipd6iL._AC_SY300_SX300_QL70_ML2_.jpg,,,
12l-stainless-steel-tumbler-cup-wiith-straw-silicone-seal-turquoise,1.2L STAINLESS STEEL TUMBLER CUP WIITH STRAW & SILICONE SEAL (TURQUOISE),https://m.media-amazon.com/images/I/41wTapNRvUL._AC_SY450_.jpg,,,
12l-stainless-steel-vacuum-tumbler-cup-baby-blue,1.2L STAINLESS STEEL VACUUM TUMBLER CUP - BABY BLUE,https://m.media-amazon.com/images/I/61MtlyoYTaL._AC_.jpg,,,
12l-stainless-steel-vacuum-tumbler-cup-lime-green-white,1.2L STAINLESS STEEL VACUUM TUMBLER CUP - LIME GREEN & WHITE,https://m.media-amazon.com/images/I/51rNmuctjGL._AC_.jpg,,,
18m-uhd-universal-usb-type-c-to-hdmi-am-cable-usb-c-to-display-port-4k-multifunc,"1.8m UHD UNIVERSAL USB TYPE-C to HDMI AM CABLE, USB C TO DISPLAY PORT 4K, MULTIFUNCTIONAL DATA CABLE",https://m.media-amazon.com/images/I/71UYBOQeGIL._AC_SL1500_.jpg,https://m.media-amazon.com/images/I/71ZDxARXAhL._AC_SL1500_.jpg,https://m.media-amazon.com/images/I/81cs6E3h79L._AC_SL1500_.jpg,
10-000mah-portable-power-bank-carbon-fibre-design-led-battery-indicator-black,"10 000mAh Portable Power Bank, Carbon Fibre Design, LED Battery Indicator, Black",https://m.media-amazon.com/images/I/51gtA4TE66L._AC_SL1080_.jpg,https://m.media-amazon.com/images/I/61w4U3x7uCL._AC_SL1080_.jpg,https://m.media-amazon.com/images/I/61F5rPp2-8L._AC_SL1080_.jpg,
10-bar-5-sided-ceramic-electric-heater-qhs10,10 BAR 5-SIDED CERAMIC ELECTRIC HEATER - QHS10,https://m.media-amazon.com/images/I/6111IxJz-BL._AC_SL1200_.jpg,https://m.media-amazon.com/images/I/61PA4lSJzGL._AC_SL1500_.jpg,,
10-rgb-led-soft-ring-light-with-tripod-stand-phone-holder-with-40-color-changing,10'' RGB LED SOFT RING LIGHT WITH TRIPOD STAND & PHONE HOLDER - WITH 40 COLOR CHANGING SCHEME,https://m.media-amazon.com/images/I/71wzNKdwgEL._AC_SL1500_.jpg,https://m.media-amazon.com/images/I/614cqUg2fdL._AC_SL1500_.jpg,https://m.media-amazon.com/images/I/71ytS3qF4nL._AC_SL1200_.jpg,
1080p-2mp-color-view-bullet-surveillance-camera-full-colour-night-vision-20m-out,"1080p 2MP Color View Bullet Surveillance Camera, Full colour night vision 20m outdoor",https://m.media-amazon.com/images/I/41D-QmbmepL._AC_.jpg,https://m.media-amazon.com/images/I/61OC-nLYjwL._AC_SL1500_.jpg,,
10w-led-ultra-quiet-mosquito-and-fly-trap-energy-saving-power-saving,10W LED ULTRA QUIET MOSQUITO AND FLY TRAP ENERGY-SAVING & POWER-SAVING,https://m.media-amazon.com/images/I/31fNkc3N66L._AC_.jpg,https://m.media-amazon.com/images/I/71F+QyEPdTL._AC_SL1500_.jpg,,
10w-solar-wireless-recgargeable-speaker-with-torch-hf-f81,10W SOLAR WIRELESS RECGARGEABLE SPEAKER WITH TORCH - HF-F81,https://m.media-amazon.com/images/I/31FE3QEIRaL._AC_.jpg,https://m.media-amazon.com/images/I/41ca0MkbphL._AC_.jpg,,
115-in-1-tool-set-for-nintendo-switchps4ps5xbox-series,115 in 1 TOOL SET FOR NINTENDO SWITCH/PS4/PS5/XBOX SERIES,https://m.media-amazon.com/images/I/61KberO+zkL._AC_.jpg,https://m.media-amazon.com/images/I/71sUyws6J-L._AC_SL1200_.jpg,https://m.media-amazon.com/images/I/51jSmUHxUEL._AC_.jpg,
12-digit-solar-electric-calculator-with-240-functions,12 DIGIT SOLAR ELECTRIC CALCULATOR WITH 240 FUNCTIONS,https://m.media-amazon.com/images/I/51IOPdNcmYL._AC_.jpg,https://m.media-amazon.com/images/I/51gzN9sNrXL._AC_SL1074_.jpg,https://m.media-amazon.com/images/I/51lRoh5P9vL._AC_SL1091_.jpg,
12v-15a-intelligent-pulse-charger,12V 15A Intelligent Pulse Charger,https://m.media-amazon.com/images/I/41PqsoRkW0L._AC_.jpg,https://m.media-amazon.com/images/I/31L0+sVX-+L._AC_.jpg,,
13-piece-pink-cookware-set-with-glass-lids-non-stick-coating-includes-pots-fryin,"13-Piece Pink Cookware Set with Glass Lids, Non-Stick Coating, Includes Pots, Frying Pan, Kitchen Utensils",https://m.media-amazon.com/images/I/619zoxFNpOL._AC_SL1500_.jpg,https://m.media-amazon.com/images/I/41RzBtjHPnL._AC_.jpg,https://m.media-amazon.com/images/I/41CNm32E8QL._AC_.jpg,
15m-sprial-hose-with-5-functions,15M Sprial Hose with 5 Functions,https://m.media-amazon.com/images/I/51kyw-micsL._AC_SL1000_.jpg,https://m.media-amazon.com/images/I/511TYdOvzkL._AC_SL1000_.jpg,,
16-childrenss-lcd-erasable-and-reusable-doodle-writing-tablet-set-of-3,"16"" CHILDRENS'S LCD ERASABLE AND REUSABLE DOODLE WRITING TABLET - SET OF 3",https://m.media-amazon.com/images/I/71YEaqLTwHL._AC_SL1500_.jpg,https://m.media-amazon.com/images/I/71tVS+1b0YL._AC_SL1500_.jpg,https://m.media-amazon.com/images/I/81uHSIyIMwL._AC_SL1500_.jpg,
2-bar-ceramic-electric-heater-dgm-qhr47,2 BAR CERAMIC ELECTRIC HEATER - DGM-QHR47,https://m.media-amazon.com/images/I/51jv5lVT0CL._AC_.jpg,,,
2-usb-auto-id-car-charger-adapter-24a-tc-03,2 USB AUTO-ID CAR CHARGER ADAPTER - 2.4A - TC-03,https://m.media-amazon.com/images/I/61Muh1RUdCL._AC_SL1500_.jpg,https://m.media-amazon.com/images/I/61S8hBsXGnL._AC_SL1446_.jpg,,
2-in-1-bluetooth-transmitter-and-receiver-wireless-audio-adapter-35mm-aux-and-ty,"2-in-1 Bluetooth Transmitter and Receiver, Wireless Audio Adapter, 3.5mm AUX and Type-C, Bluetooth 5.3 Technology, Dual-Link Connectivity",https://m.media-amazon.com/images/I/51BHYQk4QjL._AC_SL1500_.jpg,https://m.media-amazon.com/images/I/61WtAOERtCL._AC_SL1500_.jpg,https://m.media-amazon.com/images/I/71FEZz+XH7L._AC_SL1500_.jpg,
2-layer-dish-drainer,2-LAYER DISH DRAINER,https://m.media-amazon.com/images/I/51jTvYAWZPL._AC_.jpg,https://m.media-amazon.com/images/I/51kZZ86WFgL._AC_.jpg,https://m.media-amazon.com/images/I/51J8oyH1WuL._AC_.jpg,
20-led-solar-powered-led-wall-light-with-pir-sensor-cds-night-sensor-set-of-6,20-LED SOLAR POWERED LED WALL LIGHT with PIR SENSOR + CDS NIGHT SENSOR - SET OF 6,https://m.media-amazon.com/images/I/61J+ct+xP-L._AC_SL1000_.jpg,https://m.media-amazon.com/images/I/61F6OK82kxL._AC_SL1000_.jpg,https://m.media-amazon.com/images/I/51sMOSa95OL._AC_SL1000_.jpg,
201w-sign-led-dc-12v-3-smd-module-waterproof-super-bright-warm-white,20×1W SIGN LED DC 12V 3 SMD MODULE WATERPROOF SUPER BRIGHT - WARM WHITE,https://m.media-amazon.com/images/I/61RZPM8n7FL._AC_SL1200_.jpg,https://m.media-amazon.com/images/I/61LLx4vcvgL._AC_SL1200_.jpg,https://m.media-amazon.com/images/I/51yDwl8sCtL._AC_.jpg,
20x30cm-bamboo-cutting-board-with-metal-ring-natural-wood-kitchen-chopping-board,"20x30cm Bamboo Cutting Board with Metal Ring, Natural Wood Kitchen Chopping Board, Rectangular",https://m.media-amazon.com/images/I/51uhwE-jVRL._AC_SL1393_.jpg,https://m.media-amazon.com/images/I/51R2WSf-W8L._AC_.jpg,,
225w-power-bank-with-built-in-cables-usb-c-and-lightening-portable-charger-10000,"22.5W Power Bank with Built-in Cables, USB-C and Lightening, Portable Charger, 10000mAh",https://m.media-amazon.com/images/I/41NTd2XbTdL._AC_SL1024_.jpg,,,
23x17x17cm-digital-security-electronic-safe-box,23x17x17cm DIGITAL SECURITY ELECTRONIC SAFE BOX,https://m.media-amazon.com/images/I/41EEWq4E1eL._AC_.jpg,https://m.media-amazon.com/images/I/41F1No+LK4L._AC_.jpg,https://m.media-amazon.com/images/I/31D8XxiMXXL._AC_.jpg,
3-bar-ceramic-electric-heater-dgm-qhr15,3 BAR CERAMIC ELECTRIC HEATER - DGM-QHR15,https://m.media-amazon.com/images/I/51XKgu61bcL._AC_.jpg,https://m.media-amazon.com/images/I/51iGVW7CgAL._AC_.jpg,https://m.media-amazon.com/images/I/51fVg1HqDOL._AC_.jpg,
3-bar-electric-oscillating-heater-dgm-qhs03,3 BAR ELECTRIC OSCILLATING HEATER - DGM-QHS03,https://m.media-amazon.com/images/I/51cm2vTMeNL._AC_.jpg,https://m.media-amazon.com/images/I/51lJbQob8KL._AC_.jpg,https://m.media-amazon.com/images/I/51P9TC-nSSL._AC_.jpg,
3-gear-adjustment-folding-telescopic-desktop-fan-green,3-Gear Adjustment Folding Telescopic Desktop Fan - Green,https://m.media-amazon.com/images/I/71muFrtryBL._AC_SL1445_.jpg,https://m.media-amazon.com/images/I/71rtOatQ1yL._AC_SL1500_.jpg,https://m.media-amazon.com/images/I/71X1O-Xe0BL._AC_SL1500_.jpg,
3-in-1-car-charger-with-led-display-usb-type-c-and-lightning-compatible-cables-2,"3-in-1 Car Charger with LED Display, USB Type-C and Lightning Compatible Cables, 24W Fast Charging, Digital Voltage Monitor, Black",https://m.media-amazon.com/images/I/51rCe1c1ZDL._AC_SL1000_.jpg,https://m.media-amazon.com/images/I/51T7Urcw1QL._AC_SL1000_.jpg,https://m.media-amazon.com/images/I/61PTXqOEdYL._AC_SL1000_.jpg,
3-in-1-hd-1080p-car-dash-camera-with-night-vision-wide-angle-lens-recorder,3-in-1 HD 1080P Car Dash Camera with Night Vision Wide Angle Lens Recorder,https://m.media-amazon.com/images/I/51M8NLARRZL._AC_SL1080_.jpg,,,
3-in-1-hdmi-switcher-with-selector-4k-60hz-hdmi-with-pigtail-hdmi-cablesupports-,"3-IN-1 HDMI Switcher with Selector 4K 60Hz, HDMI with Pigtail HDMI Cable,Supports Full HD 4K 1080P 3D Player",https://m.media-amazon.com/images/I/619iPKHsJaL._AC_SL1200_.jpg,https://m.media-amazon.com/images/I/71ZT9ZYhJpL._AC_SL1200_.jpg,https://m.media-amazon.com/images/I/512qCgAm6EL._AC_SL1000_.jpg,
300w-led-flood-light-ip67-waterproof-rating-outdoor-security-light,"300W LED Flood Light, IP67 Waterproof Rating, Outdoor Security Light",https://m.media-amazon.com/images/I/81HiVxZ4LZL._AC_SL1500_.jpg,https://m.media-amazon.com/images/I/51rE+DfOwJL._AC_SL1185_.jpg,https://m.media-amazon.com/images/I/51wNwnJagXL._AC_SL1185_.jpg,
30l-military-tactical-backpack-outdoor-army-assault-pack-for-hunting-trekking-ca,"30L Military Tactical Backpack – Outdoor Army Assault Pack for Hunting, Trekking, Camping & Outdoor Activities, Black",https://m.media-amazon.com/images/I/41UPtRMgLLL._AC_.jpg,https://m.media-amazon.com/images/I/713afol9VZL._AC_SL1280_.jpg,https://m.media-amazon.com/images/I/71ANO2g+OmL._AC_SL1085_.jpg,
30w-gd-plus-solar-lighting-system-with-3-light-bulbs-gd-8017,30W GD PLUS Solar Lighting System with 3 Light Bulbs - GD-8017,https://m.media-amazon.com/images/I/61Ud3NW26yL._AC_SX522_.jpg,https://m.media-amazon.com/images/I/41z78Ecf1RL._AC_.jpg,https://m.media-amazon.com/images/I/41X2uc55i5L._AC_.jpg,
30x40cm-bamboo-cutting-board-with-metal-ring-rectangular-natural-wood-grain-kitc,"30x40cm Bamboo Cutting Board with Metal Ring, Rectangular, Natural Wood Grain, Kitchen Chopping Board",https://m.media-amazon.com/images/I/51R2WSf-W8L._AC_.jpg,https://m.media-amazon.com/images/I/51uhwE-jVRL._AC_SL1393_.jpg,,
350ml-xiaoxushan-led-humidifier-jsq04-dark-brown,350ml Xiaoxushan LED humidifier - JSQ04 (DARK BROWN),https://m.media-amazon.com/images/I/51r2m+5UkFL._AC_.jpg,https://m.media-amazon.com/images/I/51-jvnVD1BL._AC_.jpg,,
35l-military-tactical-backpack-outdoor-army-assault-pack-for-hunting-trekking-ca,"35L Military Tactical Backpack – Outdoor Army Assault Pack for Hunting, Trekking, Camping & Outdoor Activities, Black",https://m.media-amazon.com/images/I/51bNUDpewlL._AC_.jpg,https://m.media-amazon.com/images/I/713afol9VZL._AC_SL1280_.jpg,https://m.media-amazon.com/images/I/71ANO2g+OmL._AC_SL1085_.jpg,
36-led-multifunction-mini-flat-dj-par-lights-stage-lights,36 LED MULTIFUNCTION MINI FLAT DJ PAR LIGHTS STAGE LIGHTS,https://m.media-amazon.com/images/I/51G+wLZ8K2L._AC_SL1091_.jpg,https://m.media-amazon.com/images/I/51Ff-JSkylL._AC_SL1116_.jpg,https://m.media-amazon.com/images/I/51lg9ksliKL._AC_SL1020_.jpg,
3d-moon-lamp,3D MOON LAMP,https://m.media-amazon.com/images/I/51PZhAWCYGL._AC_SL1000_.jpg,https://m.media-amazon.com/images/I/61zg9vhdqdL._AC_SL1472_.jpg,https://m.media-amazon.com/images/I/71hda7HM9hL._AC_SL1000_.jpg,
3pcs-black-motivational-water-bottles-with-time-marker-lockable-lid-silicone-str,"3Pcs Black Motivational Water Bottles with Time Marker, Lockable Lid & Silicone Straw, Leak-Proof Reusable Plastic Bottles",https://m.media-amazon.com/images/I/61PVnqIstQL._AC_SL1056_.jpg,https://m.media-amazon.com/images/I/61I8iBl0ZUL._AC_SL1500_.jpg,https://m.media-amazon.com/images/I/61Cdyf5eY5L._AC_SL1500_.jpg,
4-bar-ceramic-electric-heater-dgm-qhr46,4 BAR CERAMIC ELECTRIC HEATER - DGM-QHR46,https://m.media-amazon.com/images/I/512TTJwAwrL._AC_.jpg,https://m.media-amazon.com/images/I/517-YIm+EFL._AC_.jpg,https://m.media-amazon.com/images/I/719iNWEuEXL._AC_SL1500_.jpg,
4-in-1-otg-four-ports-lightning-type-c-micro-usb-usb-card-reader,4 in 1 OTG Four Ports : Lightning + Type C + Micro USB + USB Card Reader,https://m.media-amazon.com/images/I/41wKLgzsdvL._AC_.jpg,https://m.media-amazon.com/images/I/41DTHvBBeKL._AC_.jpg,https://m.media-amazon.com/images/I/418h0VLL30L._AC_.jpg,
4-slot-smart-battery-charger-hd-8992c,4 SLOT SMART BATTERY CHARGER - HD-8992C,https://m.media-amazon.com/images/I/61yhkughjeL._AC_SL1110_.jpg,https://m.media-amazon.com/images/I/61hWA3yn+jL._AC_SL1158_.jpg,,
4-digit-combination-padlock-brass-body-chrome-shackle-long-shackle,"4-Digit Combination Padlock, Brass Body, Chrome Shackle, Long Shackle",https://m.media-amazon.com/images/I/51RQHnrW7DL._AC_.jpg,https://m.media-amazon.com/images/I/71hlhRArIwL._AC_SL1430_.jpg,,
4-stainless-steel-door-bolt-latch-silver-for-wooden-doors-cabinets-and-desks-sli,"4'' Stainless Steel Door Bolt Latch, Silver, for Wooden Doors, Cabinets and Desks, Sliding Barrel Lock with Strike Plate",https://m.media-amazon.com/images/I/41D5K5IYzyL._AC_SX425_.jpg,https://m.media-amazon.com/images/I/41Nh0yPhq2L._AC_SX425_.jpg,https://m.media-amazon.com/images/I/51rgS9dRntL._AC_SX425_.jpg,
450ml-non-corrosive-professional-car-paint-remover-1,450ml Non-Corrosive Professional Car Paint Remover,https://m.media-amazon.com/images/I/61A1Sa9m9vL._AC_SL1200_.jpg,https://m.media-amazon.com/images/I/618LRDuRZXL._AC_SL1200_.jpg,,
4w-ultra-quiet-led-mosquito-and-fly-trap-energy-saving-power-saving,"4W ULTRA QUIET LED MOSQUITO AND FLY TRAP, ENERGY-SAVING & POWER SAVING",https://m.media-amazon.com/images/I/31fNkc3N66L._AC_.jpg,https://m.media-amazon.com/images/I/81fDPvT1XKL._AC_SL1500_.jpg,,
5-layer-portable-rolling-storage-rack-on-wheels-105cm-black,5-layer Portable Rolling Storage Rack on Wheels - 105cm - BLACK,https://m.media-amazon.com/images/I/511HwsWzYOL._AC_SL1000_.jpg,https://m.media-amazon.com/images/I/61dNSYrz3eL._AC_SL1000_.jpg,,
5-layer-portable-rolling-storage-rack-on-wheels-105cm-white,5-layer Portable Rolling Storage Rack on Wheels - 105cm - WHITE,https://m.media-amazon.com/images/I/41K7xyWnIsL._AC_.jpg,https://m.media-amazon.com/images/I/61CKql8fdvL._AC_SL1000_.jpg,,
5-soonbox-wireless-speaker-with-tws-connection-link-s33,5` Soonbox Wireless Speaker with TWS Connection Link - S33,https://m.media-amazon.com/images/I/31QRSKVWzHL._AC_.jpg,https://m.media-amazon.com/images/I/31up688YJSL._AC_.jpg,https://m.media-amazon.com/images/I/318zvb3Zn7L._AC_.jpg,
50-pieces-air-fryer-paper-sheets-for-air-fryer-non-stick-for-oven-air-fryer-baki,"50 Pieces Air Fryer Paper Sheets for Air Fryer Non Stick for Oven, Air Fryer, Baking",https://m.media-amazon.com/images/I/51aLtOPyI9L._AC_SL1200_.jpg,https://m.media-amazon.com/images/I/61LxBfc10HL._AC_.jpg,https://m.media-amazon.com/images/I/617sLNiq2cL._AC_.jpg,
5000g-stainless-steel-electric-kitchen-scale-with-lcd-display,5000g STAINLESS STEEL ELECTRIC KITCHEN SCALE WITH LCD DISPLAY,https://m.media-amazon.com/images/I/41J5Lcd32YL._AC_.jpg,https://m.media-amazon.com/images/I/41CjDeRHKfL._AC_.jpg,https://m.media-amazon.com/images/I/510EFIwtV7L._AC_.jpg,
50w-led-floodlight-ip66-waterproof-white-and-warm-white-colour-with-blue-red-fla,"50W LED Floodlight, IP66 Waterproof, White and Warm White Colour with Blue & Red Flashlight",https://m.media-amazon.com/images/I/612Y5sOFKFL._AC_SL1240_.jpg,https://m.media-amazon.com/images/I/61lidKSO39L._AC_SL1484_.jpg,https://m.media-amazon.com/images/I/71ghe+2A0-L._AC_SL1500_.jpg,
510ml-2-colour-stainless-steel-vacuum-flask-coffee-mug-blue,510ml 2-Colour Stainless Steel Vacuum Flask - Coffee Mug (Blue),https://m.media-amazon.com/images/I/41l2EvL4VVL._AC_.jpg,https://m.media-amazon.com/images/I/41OrvoAQACL._AC_.jpg,https://m.media-amazon.com/images/I/41zAK-UD+dL._AC_.jpg,
510ml-2-colour-stainless-steel-vacuum-flask-coffee-mug-pink,510ml 2-Colour Stainless Steel Vacuum Flask - Coffee Mug (PINK),https://m.media-amazon.com/images/I/41q7oS9tddL._AC_.jpg,https://m.media-amazon.com/images/I/41pdTUVORrL._AC_.jpg,https://m.media-amazon.com/images/I/41zAK-UD+dL._AC_.jpg,
5m-12v-led-digital-bed-lighting-strip-with-pir-sensor-for-motion-activated-illum,5m 12v LED Digital Bed Lighting Strip with PIR Sensor For Motion Activated Illumination - 2835 White,https://m.media-amazon.com/images/I/61M7QfdBqZL._AC_SL1168_.jpg,https://m.media-amazon.com/images/I/71fUKnmfJVL._AC_SL1500_.jpg,https://m.media-amazon.com/images/I/61OrCdJWL6L._AC_SL1500_.jpg,
5m-led-solar-powered-outdoor-hanging-bulb-socket-string-lights-warm-white-10-bul,5m LED Solar Powered Outdoor Hanging Bulb Socket String Lights Warm White - 10-Bulb,https://m.media-amazon.com/images/I/61x6yo8EaVL._AC_SL1500_.jpg,https://m.media-amazon.com/images/I/51661jqTsDL._AC_SL1000_.jpg,https://m.media-amazon.com/images/I/71nuFpvuoDL._AC_SL1200_.jpg,
5m-led-star-fairy-lights-multi-colour-decorative-holiday-lightin-set-of-6,"5M LED Star Fairy Lights, Multi-Colour, Decorative Holiday Lightin - SET OF 6",https://m.media-amazon.com/images/I/614MnEoBcsL._AC_SL1500_.jpg,https://m.media-amazon.com/images/I/717g+2ObHWL._AC_SL1200_.jpg,https://m.media-amazon.com/images/I/61dzUbM328L._AC_SL1434_.jpg,
5m-led-star-fairy-lights-warm-white-decorative-holiday-lighting-set-of-6,"5M LED Star Fairy Lights, Warm White, Decorative Holiday Lighting - SET OF 6",https://m.media-amazon.com/images/I/614MnEoBcsL._AC_SL1500_.jpg,https://m.media-amazon.com/images/I/61dzUbM328L._AC_SL1434_.jpg,https://m.media-amazon.com/images/I/81J41IFc9FL._AC_SL1500_.jpg,
5w-usb-rechargeable-6-blade-lint-remover,5W USB RECHARGEABLE 6-BLADE LINT REMOVER,https://m.media-amazon.com/images/I/51fHnNh9o7L._AC_SL1075_.jpg,https://m.media-amazon.com/images/I/71-i6bbecsL._AC_SL1080_.jpg,,
6-rechargeable-box-fan-with-solar-panel-and-light-bulb-gd-8025,6'' RECHARGEABLE BOX FAN WITH SOLAR PANEL AND LIGHT BULB - GD-8025,https://m.media-amazon.com/images/I/41zxVcIetTL._AC_.jpg,https://m.media-amazon.com/images/I/41DqxiqdYtL._AC_.jpg,,
6-stainless-steel-door-bolt-latch-silver-for-wooden-doors-cabinets-and-desks-sli,"6'' Stainless Steel Door Bolt Latch, Silver, for Wooden Doors, Cabinets and Desks, Sliding Barrel Lock with Strike Plate",https://i.ebayimg.com/images/g/tgYAAOSw5k1jWNv3/s-l960.webp,https://i.ebayimg.com/images/g/8usAAOSwkOZjWNv2/s-l960.webp,https://i.ebayimg.com/images/g/d8kAAOSwPtFjWNv2/s-l1600.webp,
6-turbo-flex-360-degree-faucet-sprayer,6'' TURBO FLEX 360 DEGREE FAUCET SPRAYER,https://m.media-amazon.com/images/I/81siwHoNufL._AC_SL1500_.jpg,,,
60mm-stainless-steel-disc-padlock-with-keys-2-pack-silver-hardened-shackle-secur,"60mm Stainless Steel Disc Padlock with Keys, 2 Pack, Silver, Hardened Shackle, Security Lock",https://m.media-amazon.com/images/I/61kuegNqH5L._AC_.jpg,https://m.media-amazon.com/images/I/51oD7eFp5JL._AC_.jpg,https://m.media-amazon.com/images/I/61VLCRXuLAL._AC_SL1024_.jpg,
6w-led-ultra-quiet-mosquito-and-fly-trap-energy-saving-power-saving,6W LED ULTRA QUIET MOSQUITO AND FLY TRAP ENERGY-SAVING & POWER-SAVING,https://m.media-amazon.com/images/I/31fNkc3N66L._AC_.jpg,https://m.media-amazon.com/images/I/71u8mrHGgML._AC_SL1500_.jpg,,
75l-cooling-and-warming-refrigerator,7.5L COOLING AND WARMING REFRIGERATOR,https://m.media-amazon.com/images/I/51iIVBYXkqL._AC_SL1000_.jpg,https://m.media-amazon.com/images/I/51b92i93oqL._AC_SL1000_.jpg,https://m.media-amazon.com/images/I/61LL9RR--sL._AC_SL1242_.jpg,
70mm-rectangular-heavy-duty-shackle-padlock-with-keys-chrome-plated-security-pad,"70mm Rectangular Heavy Duty Shackle Padlock with Keys, Chrome Plated, Security Padlock",https://m.media-amazon.com/images/I/51qyWNpDX0L._AC_SL1183_.jpg,https://m.media-amazon.com/images/I/51fJMXxqYeL._AC_SL1150_.jpg,https://m.media-amazon.com/images/I/61DuKdoDVKL._AC_SL1151_.jpg,
70mm-stainless-steel-disc-padlock-with-keys-2-pack-silver-hardened-shackle-secur,"70mm Stainless Steel Disc Padlock with Keys, 2 Pack, Silver, Hardened Shackle, Security Lock",https://m.media-amazon.com/images/I/61kuegNqH5L._AC_SY450_.jpg,https://m.media-amazon.com/images/I/51oD7eFp5JL._AC_SX355_.jpg,https://m.media-amazon.com/images/I/61VLCRXuLAL._AC_SY355_.jpg,
8-x-grill-clip-on-emergency-strobe-warning-lights-yellow,8 x Grill Clip-On Emergency Strobe Warning Lights – Yellow,https://m.media-amazon.com/images/I/51X84p9+IkL._AC_.jpg,https://m.media-amazon.com/images/I/61OmO3PF5XL._AC_.jpg,https://m.media-amazon.com/images/I/41mznVMVnKL._AC_.jpg,
8-stainless-steel-door-bolt-latch-silver-for-wooden-doors-cabinets-and-desks-sli,"8'' Stainless Steel Door Bolt Latch, Silver, for Wooden Doors, Cabinets and Desks, Sliding Barrel Lock with Strike Plate",https://m.media-amazon.com/images/I/41D5K5IYzyL._AC_.jpg,https://m.media-amazon.com/images/I/51zQsy+Y56L._AC_.jpg,https://m.media-amazon.com/images/I/51rgS9dRntL._AC_.jpg,
80l-camping-hiking-large-capacity-travel-and-tactical-backpack,80L Camping & Hiking Large Capacity Travel and Tactical Backpack,https://m.media-amazon.com/images/I/61BCXbgOIRL._AC_SL1002_.jpg,https://m.media-amazon.com/images/I/71DQSQvexkL._AC_SL1200_.jpg,https://m.media-amazon.com/images/I/71xkLSXvTqL._AC_SL1080_.jpg,
80mm-heavy-duty-shackle-padlock-with-keys-chrome-plated-security-lock,"80mm Heavy Duty Shackle Padlock with Keys, Chrome Plated, Security Lock",https://m.media-amazon.com/images/I/51qyWNpDX0L._AC_SL1183_.jpg,https://m.media-amazon.com/images/I/61PQ9w60wuL._AC_SL1500_.jpg,https://m.media-amazon.com/images/I/51lyqGhJkDL._AC_SL1500_.jpg,
80mm-stainless-steel-disc-padlock-with-keys-2-pack-silver-hardened-shackle-secur,"80mm Stainless Steel Disc Padlock with Keys, 2 Pack, Silver, Hardened Shackle, Security Lock",https://m.media-amazon.com/images/I/61kuegNqH5L._AC_.jpg,https://m.media-amazon.com/images/I/51oD7eFp5JL._AC_.jpg,https://m.media-amazon.com/images/I/61VLCRXuLAL._AC_SL1024_.jpg,
85mm-spiky-sensory-balls-multicolor-soft-rubber-textured-fidget-toys-stress-reli,"85mm Spiky Sensory Balls, Multicolor, Soft Rubber, Textured Fidget Toys, Stress Relief - SET OF 12",https://m.media-amazon.com/images/I/51mPZl+nFmL._AC_.jpg,https://m.media-amazon.com/images/I/61uLb1mqqIL._AC_SL1028_.jpg,https://m.media-amazon.com/images/I/61BCwvxl7BL._AC_SL1024_.jpg,
8w-led-ultra-quiet-mosquito-and-fly-trap-energy-saving-power-saving,8W LED ULTRA QUIET MOSQUITO AND FLY TRAP ENERGY-SAVING & POWER-SAVING,https://m.media-amazon.com/images/I/31fNkc3N66L._AC_.jpg,https://m.media-amazon.com/images/I/71XgtiilhpL._AC_SL1500_.jpg,,
90mm-heavy-duty-shackle-padlock-with-keys-chrome-plated-security-lock,"90mm Heavy Duty Shackle Padlock with Keys, Chrome Plated, Security Lock",https://m.media-amazon.com/images/I/51qyWNpDX0L._AC_SL1183_.jpg,https://m.media-amazon.com/images/I/71L0pv-MQjL._AC_SL1500_.jpg,,
90mm-stainless-steel-disc-padlock-with-keys-2-pack-silver-hardened-shackle-secur,"90mm Stainless Steel Disc Padlock with Keys, 2 Pack, Silver, Hardened Shackle, Security Lock",https://m.media-amazon.com/images/I/61kuegNqH5L._AC_.jpg,https://m.media-amazon.com/images/I/51oD7eFp5JL._AC_.jpg,https://m.media-amazon.com/images/I/61VLCRXuLAL._AC_SL1024_.jpg,
9v-portable-hand-held-metal-detector-super-scanner-security-wand-non-rechargeabl,9V PORTABLE HAND-HELD METAL DETECTOR - SUPER SCANNER SECURITY WAND (NON RECHARGEABLE),https://m.media-amazon.com/images/I/314o8x+PeZL._AC_.jpg,https://m.media-amazon.com/images/I/41TTtOcwUYL._AC_.jpg,https://m.media-amazon.com/images/I/31xYjFBkivL._AC_.jpg,
abt-series-150-active-outdoor-dual-receiver-transmitter-ir-beam-150m,ABT Series-150 Active Outdoor Dual Receiver & Transmitter IR Beam - 150m,https://img.myipadbox.com/sec/product_l/S-MDC-0317.jpg,https://img.joomcdn.net/c3c2fd2b4470b66f16d853937a3632b75860d92f_original.jpeg,https://img.myipadbox.com/upload/store/detail_l/S-MDC-0317_4.jpg,
advanced-mini-24g-backlit-wireless-touchpad-keyboard,Advanced Mini 2.4G Backlit Wireless Touchpad Keyboard,https://www.dhresource.com/webp/m/100x100/f2/albu/g22/M01/BF/A5/rBVaEmKPGfWAQh-oAAKibgAvbW8089.jpg,https://www.dhresource.com/webp/m/100x100/f2/albu/g22/M01/F8/D1/rBVaEmKPGE2AcqClAAKRLbyRem8773.jpg,https://www.dhresource.com/webp/m/100x100/f2/albu/g22/M01/43/77/rBVaEmKPGd-APVaxAAGHYhjmaHk944.jpg,
aiwa-40-pieces-combination-socket-wrench-set,Aiwa 40 Pieces Combination Socket Wrench Set,https://m.media-amazon.com/images/I/61sIxdUbSrL._AC_SL1000_.jpg,https://m.media-amazon.com/images/I/61Emt9lQXpL._AC_SL1000_.jpg,,https://m.media-amazon.com/images/I/51sUv-w3i3L._AC_SL1000_.jpg
aluminium-tablet-and-phone-desk-stand-silver-360-rotating-base-adjustable-height,"Aluminium Tablet and Phone Desk Stand, Silver, 360° Rotating Base, Adjustable Height, Foldable",https://m.media-amazon.com/images/I/41zm26STTrL._AC_.jpg,https://m.media-amazon.com/images/I/51R414NpdnL._AC_SL1000_.jpg,https://m.media-amazon.com/images/I/51ezXsHHD7L._AC_.jpg,
amber-strobe-beacon-warning-light-magnetic-base-cigarette-lighter-plug-emergency,"Amber Strobe Beacon Warning Light, Magnetic Base, Cigarette Lighter Plug, Emergency Flash for Vehicles",https://m.media-amazon.com/images/I/41VoPCxrmJL._AC_.jpg,https://m.media-amazon.com/images/I/41zEibQa2DL._AC_.jpg,https://m.media-amazon.com/images/I/61mvgpKrrLL._AC_SL1200_.jpg,
ao-1080p-1x2-hdmi-splitter-version-14,AO 1080P 1x2 HDMI SPLITTER VERSION 1.4,https://m.media-amazon.com/images/I/51oUDFOxNvL._AC_.jpg,https://m.media-amazon.com/images/I/51GPs26btdL._AC_.jpg,,
ao-1080p-1x4-hdmi-splitter-version-14,AO 1080P 1x4 HDMI SPLITTER VERSION 1.4,https://m.media-amazon.com/images/I/41q+8FPD-qL._AC_.jpg,https://m.media-amazon.com/images/I/51yg0ALvPyL._AC_.jpg,https://m.media-amazon.com/images/I/71L-oL0yp3L._AC_SL1200_.jpg,
aoits-12v-7a-intelligent-lead-acid-battery-charger-gg-it2022,AOITS 12V 7A Intelligent Lead Acid Battery Charger GG-IT2022,https://m.media-amazon.com/images/I/41LrmI5IS5L._AC_.jpg,https://m.media-amazon.com/images/I/41PB9qqEIoL._AC_.jpg,,
aoweixun-orvesion-universal-fixed-code-remote-control-set-of-4,AOWEIXUN ORVESION UNIVERSAL FIXED CODE REMOTE CONTROL - SET OF 4,https://m.media-amazon.com/images/I/61ib534s2lL._AC_SL1366_.jpg,https://m.media-amazon.com/images/I/51eiRQC52PL._AC_.jpg,https://m.media-amazon.com/images/I/61rnBr0koZL._AC_SL1000_.jpg,
aroma-diffuser-7-color-led-aroma-humidifier,AROMA DIFFUSER 7 COLOR LED AROMA HUMIDIFIER,https://m.media-amazon.com/images/I/51qGHH-P6uL._AC_SL1000_.jpg,https://m.media-amazon.com/images/I/71Ay-e3rLnL._AC_SL1500_.jpg,,
auto-power-off-scientific-calculator-with-double-lcd-display-kk-82ms-d,AUTO-POWER OFF SCIENTIFIC CALCULATOR WITH DOUBLE LCD DISPLAY - KK-82MS-D,https://m.media-amazon.com/images/I/615jdGMW5xL._AC_SL1500_.jpg,https://m.media-amazon.com/images/I/61DAbIrVL0L._AC_SL1500_.jpg,https://m.media-amazon.com/images/I/71mOzj4XTfL._AC_SL1500_.jpg,
b-09-tactical-hydration-backpack-with-water-bladder-3l-capacity-military-style-d,"B-09 Tactical Hydration Backpack with Water Bladder, 3L Capacity, Military-Style Design, Khaki",https://m.media-amazon.com/images/I/511-ZHUGwFL._AC_.jpg,https://m.media-amazon.com/images/I/61yubvp2H3L._AC_.jpg,https://m.media-amazon.com/images/I/61vgW0A8w4L._AC_SL1000_.jpg,
b-10-tactical-hydration-insulated-water-backpack-with-3l-water-bladder-for-hikin-1,B-10 Tactical Hydration Insulated Water Backpack with 3L Water Bladder for Hiking Running Biking Cycling - Black,https://m.media-amazon.com/images/I/81gydBYOF5L._AC_SL1500_.jpg,https://m.media-amazon.com/images/I/81auoVV2+7L._AC_SL1500_.jpg,https://m.media-amazon.com/images/I/81a7JdtQhXL._AC_SL1500_.jpg,
b-10-tactical-hydration-insulated-water-backpack-with-3l-water-bladder-for-hikin,B-10 Tactical Hydration Insulated Water Backpack with 3L Water Bladder for Hiking Running Biking Cycling - Khaki,https://m.media-amazon.com/images/I/51UBvcsjKeL._AC_SY450_.jpg,https://m.media-amazon.com/images/I/51XT+KgMphL._AC_SY450_.jpg,https://m.media-amazon.com/images/I/51DIn+XnlqL._AC_SY450_.jpg,
bamboo-back-scratcher-with-massage-roller-natural-wood-long-handle-4-pack,"Bamboo Back Scratcher with Massage Roller, Natural Wood, Long Handle, 4 Pack",https://images.nexusapp.co/assets/1c/b7/7e/74363297.jpg,https://images.nexusapp.co/assets/a0/06/56/74363298.jpg,https://images.nexusapp.co/assets/d2/e9/98/74363294.jpg,
bamboo-cooking-utensil-set-of-3-spatula-and-slotted-turner-natural-wood-colour-w,"Bamboo Cooking Utensil Set of 3, Spatula and Slotted Turner, Natural Wood Colour, with Hanging Hole",https://m.media-amazon.com/images/I/61gyd+bnFiL._AC_SX425_.jpg,https://m.media-amazon.com/images/I/417M0eZuzOL._AC_SL1072_.jpg,,
bamboo-cooking-utensil-set-4-piece-fork-spatula-and-spoon-hanging-hole-handles,"Bamboo Cooking Utensil Set, 4 Piece, Fork, Spatula and Spoon, Hanging Hole Handles",https://m.media-amazon.com/images/I/51yjP4RB2WL._AC_SL1200_.jpg,https://m.media-amazon.com/images/I/41lMfKjQdyL._AC_.jpg,,
bamboo-kitchen-utensil-set-with-holder-includes-spoon-spatula-and-fork-natural-w,"Bamboo Kitchen Utensil Set with Holder, Includes Spoon, Spatula and Fork, Natural Wood Finish - 3-in-1",https://m.media-amazon.com/images/I/51kuQK+Mh2L._AC_SL1200_.jpg,https://m.media-amazon.com/images/I/51XBaxR1LWL._AC_SL1012_.jpg,,
battery-mate-12v-led-digital-battery-and-alternator-tester-with-status-indicator,Battery Mate 12V LED Digital Battery and Alternator Tester with Status Indicators,https://m.media-amazon.com/images/I/61IbNNEe67L._AC_SL1500_.jpg,https://m.media-amazon.com/images/I/71ul4+HAboL._AC_SL1200_.jpg,https://m.media-amazon.com/images/I/61i-VjBh39L._AC_SL1200_.jpg,
birdcage-style-electric-space-heater-green-rotary-knob-control-indoor-use-dgm-qh,"Birdcage Style Electric Space Heater, Green, Rotary Knob Control, Indoor Use - DGM-QHS-96",https://m.media-amazon.com/images/I/61ZpLeYGeDL._AC_.jpg,https://m.media-amazon.com/images/I/81Yr38lg9+L._AC_SL1500_.jpg,,
bluetooth-karaoke-microphone-for-kids-with-built-in-bluetooth-microphone-wireles,"Bluetooth Karaoke Microphone for Kids with Built in Bluetooth Microphone Wireless Speaker | Wireless Microphone Karaoke Compatible with iPhone & Android | All-in-One Karaoke Mic, (Blue Color)",https://ae-pic-a1.aliexpress-media.com/kf/A2ac3713b44d747dd9965a1d3cb337636m.jpg_220x220q75.jpg_.avif,https://ae-pic-a1.aliexpress-media.com/kf/Sddc858fa4819497e917599a0bc187305x.jpeg?has_lang=1&ver=2_220x220q75.jpeg_.avif,https://ae-pic-a1.aliexpress-media.com/kf/Sc1d00788e18b4a94a965f23d98a3b4c4C.jpeg?has_lang=1&ver=2_220x220q75.jpeg_.avif,
bluetooth-v55-usb-dongle,BLUETOOTH V5.5 USB DONGLE,https://m.media-amazon.com/images/I/81LW3y7XptL._AC_SL1500_.jpg,,,
cambrian-insulated-lunch-bag-navy-blue-with-brown-trim-dual-zipper-closure-adjus,"Cambrian Insulated Lunch Bag, Navy Blue with Brown Trim, Dual Zipper Closure, Adjustable Shoulder Strap",https://m.media-amazon.com/images/I/31WVA+2UU6L._AC_.jpg,,,
car-aux-bluetooth-50-receiver-35mm-audio-jack-car-transmitter,CAR AUX BLUETOOTH 5.0 RECEIVER 3.5MM AUDIO JACK CAR TRANSMITTER,https://m.media-amazon.com/images/I/41PqzwGGEHL._AC_.jpg,https://m.media-amazon.com/images/I/41MvbkTSpHL._AC_.jpg,https://m.media-amazon.com/images/I/510RknhSU7L._AC_.jpg,
car-phone-holder-centre-console-mount-360-degree-adjustable-carbon-fibre-design,"Car Phone Holder, Centre Console Mount, 360-Degree Adjustable, Carbon Fibre Design",https://m.media-amazon.com/images/I/51cEc7CTetL._AC_SL1016_.jpg,https://m.media-amazon.com/images/I/81sU6OiGbDL._AC_SL1500_.jpg,https://m.media-amazon.com/images/I/51fFJQ27xiL._AC_SL1147_.jpg,
carregador-portatil-9-connector-universal-notebook-adapter,Carregador Portatil 9 Connector Universal Notebook Adapter,https://m.media-amazon.com/images/I/51SHOdiNd3L._AC_SL1000_.jpg,https://m.media-amazon.com/images/I/51eSedhTSUL._AC_SL1000_.jpg,https://m.media-amazon.com/images/I/51AuNO4q6ML._AC_SL1000_.jpg,
cc-lamp-small-solar-panel-charger-portable-usb-solar-panel-6v-38w-for-camping-hi,"CC Lamp Small Solar Panel Charger Portable USB Solar Panel, 6V 3.8W, for Camping Hiking Outdoor Activities",https://media.takealot.com/covers_images/dddd5e2bca784f2894cde88471b01e3a/s-zoom.file,https://media.takealot.com/covers_images/3ee3102f54524283864da668d6673bb5/s-zoom.file,https://media.takealot.com/covers_images/7804ae51c3fb4d7aa0a23f9cea276a26/s-zoom.file,
cj-mobile-power-bank-with-intelligent-safety-protection,CJ MOBILE POWER BANK WITH INTELLIGENT SAFETY PROTECTION,https://m.media-amazon.com/images/I/61s5BPIPKCL._AC_SL1500_.jpg,https://m.media-amazon.com/images/I/71yrcrIoBjL._AC_SL1500_.jpg,https://m.media-amazon.com/images/I/61jfPeSr7TL._AC_SL1500_.jpg,
cj-solar-flood-light-60w-ip67-waterproof-with-remote-control-time-switch-light-c,"CJ Solar Flood Light, 60W, IP67 Waterproof, with Remote Control, Time Switch, Light Control, Large Capacity Battery",https://m.media-amazon.com/images/I/61RTR5YE7QL._AC_SL1000_.jpg,https://m.media-amazon.com/images/I/61MNZOhjgAL._AC_SL1000_.jpg,https://m.media-amazon.com/images/I/81BP9IeFQKL._AC_SL1500_.jpg,
cold-cup-tumbler-with-straw-and-lid-embossed-art-deco-design-purple-and-pink-pla-1,"Cold Cup Tumbler with Straw and Lid, Embossed Art Deco Design, Purple and Pink, Plastic, Reusable, Hand Wash Only (Soft Blush Pink)",https://m.media-amazon.com/images/I/515hRFTJSlL._AC_SL1013_.jpg,https://m.media-amazon.com/images/I/61sT5f526iL._AC_.jpg,,
cold-cup-tumbler-with-straw-and-lid-embossed-art-deco-design-purple-and-pink-pla,"Cold Cup Tumbler with Straw and Lid, Embossed Art Deco Design, Purple and Pink, Plastic, Reusable, Hand Wash Only (Vibrant Purple)",https://m.media-amazon.com/images/I/51sqJS3ktlL._AC_SL1013_.jpg,https://m.media-amazon.com/images/I/61VjAtrZOGL._AC_.jpg,,
colorful-karaoke-portable-rgb-mini-speaker,COLORFUL KARAOKE PORTABLE RGB MINI SPEAKER,https://m.media-amazon.com/images/I/61TlwUwBmuL._AC_.jpg,https://m.media-amazon.com/images/I/61c7nZ7iZOL._AC_SL1200_.jpg,https://m.media-amazon.com/images/I/713nFwjnCnL._AC_SL1200_.jpg,
compact-induction-stove-with-led-display-touch-controls-ceramic-glass-infrared-c,"Compact Induction Stove with LED Display, Touch Controls & Ceramic Glass Infrared Cooktop for Home, Buffet & Countertop Use - 2000W",https://m.media-amazon.com/images/I/71XGK2c1mML._AC_SL1500_.jpg,https://m.media-amazon.com/images/I/61fdFs-SdCL._AC_SL1132_.jpg,https://m.media-amazon.com/images/I/71ngNe7eNlL._AC_SL1280_.jpg,
creative-folding-laptop-bracket,Creative Folding Laptop Bracket,https://m.media-amazon.com/images/I/41eKQWwkGYL._AC_.jpg,https://m.media-amazon.com/images/I/61QDZUvOO4L._AC_SL1080_.jpg,https://m.media-amazon.com/images/I/61YhwRQCd4L._AC_SL1080_.jpg,
cut-resistant-gloves-set-stainless-steel-mesh-and-white-knit-blue-wrist-strap-sa,"Cut-Resistant Gloves Set, Stainless Steel Mesh and White Knit, Blue Wrist Strap, Safety Kitchen Gloves",https://m.media-amazon.com/images/I/61sQ8wMD8GL._AC_SX522_.jpg,"https://m.media-amazon.com/images/I/716A6W5Q2WL._AC_SR38,50_.jpg","https://m.media-amazon.com/images/I/61gZilq-ulL._AC_SR38,50_.jpg",
cylinder-lock-with-keys-30x30mm-model-67101scv5-30x30,"Cylinder Lock with Keys, 30x30mm, Model 67101/SCV5-30X30",https://m.media-amazon.com/images/I/61ClQPvJUIL._AC_SL1500_.jpg,https://m.media-amazon.com/images/I/81rlu+ftHEL._AC_SL1500_.jpg,https://m.media-amazon.com/images/I/61lupFNFlFL._AC_SL1500_.jpg,
daling-professional-hair-clippers-dl-1067,DALING PROFESSIONAL HAIR CLIPPERS DL-1067,https://m.media-amazon.com/images/I/41WCsUzeyhL._AC_.jpg,https://m.media-amazon.com/images/I/51X8-figMlL._AC_.jpg,https://m.media-amazon.com/images/I/51VbLnzf99L._AC_SL1020_.jpg,
daling-professional-hair-clippers-dl-1072,DALING PROFESSIONAL HAIR CLIPPERS DL-1072,https://m.media-amazon.com/images/I/41oWxUQv20L._AC_.jpg,https://m.media-amazon.com/images/I/51kZREyNqzL._AC_SL1099_.jpg,https://m.media-amazon.com/images/I/61myY9KVOgL._AC_SL1027_.jpg,
daling-professional-hair-clippers-dl-1539,Daling Professional Hair Clippers DL-1539,https://m.media-amazon.com/images/I/51e36VIipYL._AC_.jpg,https://m.media-amazon.com/images/I/414QMxBwghL._AC_.jpg,https://m.media-amazon.com/images/I/51nx+ITrkjL._AC_.jpg,
daling-professional-hair-clippers-dl-1759,DALING PROFESSIONAL HAIR CLIPPERS DL-1759,https://m.media-amazon.com/images/I/616wiewdTpL._AC_SL1500_.jpg,https://m.media-amazon.com/images/I/51GqJLOfhFL._AC_SL1500_.jpg,https://m.media-amazon.com/images/I/61+j9FgR+9L._AC_SL1500_.jpg,
daling-professional-style-hair-clippers-dl-1538a,DALING Professional Style Hair Clippers DL-1538A,https://m.media-amazon.com/images/I/318cRaIVqSL._AC_.jpg,https://m.media-amazon.com/images/I/41xIsKBFHDL._AC_.jpg,https://m.media-amazon.com/images/I/41P7DNLD52L._AC_.jpg,
dc-12v-portable-digital-air-compressor-with-led-light,DC 12V PORTABLE DIGITAL AIR COMPRESSOR WITH LED LIGHT,https://m.media-amazon.com/images/I/61aFdQAVvFL._AC_SL1500_.jpg,https://m.media-amazon.com/images/I/61GpBgqjbHL._AC_SL1500_.jpg,https://m.media-amazon.com/images/I/71rcaKY79kL._AC_SL1500_.jpg,
dental-floss-toothpicks-6-pack-oral-hygiene-care,"Dental Floss Toothpicks, 6 Pack, Oral Hygiene Care",https://m.media-amazon.com/images/I/51V4vU82wgL._AC_SX450_.jpg,https://m.media-amazon.com/images/I/51p0ZbLJR-L._AC_SY450_.jpg,https://m.media-amazon.com/images/I/61TL1UqcwuL._AC_SY450_.jpg,
digimark-qhr31-quartz-room-heater-with-water-level-indicator-2-mode-control-grey,"Digimark-QHR31 Quartz Room Heater with Water Level Indicator, 2-Mode Control, Grey",https://m.media-amazon.com/images/I/61InoT1Z31L._AC_SL1200_.jpg,https://m.media-amazon.com/images/I/61Kydma64tL._AC_SL1200_.jpg,,
digital-electric-fan-heater-white-portable-room-heater-with-thermostat-control-d,"Digital Electric Fan Heater, White, Portable Room Heater with Thermostat Control, Dual Position - DGM-QHS11",https://m.media-amazon.com/images/I/51qy3P0sJhL._AC_.jpg,https://m.media-amazon.com/images/I/51OCvQ6sSJL._AC_.jpg,https://m.media-amazon.com/images/I/41t+KToygDL._AC_.jpg,
digital-electric-shaver-with-led-display-rotary-blade-design-black-and-silver-po,"Digital Electric Shaver with LED Display, Rotary Blade Design, Black and Silver, Portable Grooming Device",https://m.media-amazon.com/images/I/51z-gkGoWoL._AC_.jpg,https://m.media-amazon.com/images/I/41Lwh+7gcsL._AC_.jpg,https://m.media-amazon.com/images/I/61kJiC9qQXL._AC_SL1000_.jpg,
drill-brush-set-with-extended-long-attachment-drill-excluded-set-of-3,Drill Brush Set with extended Long Attachment (Drill Excluded) - Set of 3,https://m.media-amazon.com/images/I/6117p1DC7XL._AC_SL1010_.jpg,https://m.media-amazon.com/images/I/713HJZ2vbEL._AC_SL1010_.jpg,https://m.media-amazon.com/images/I/61lhc24YJrL._AC_SL1010_.jpg,
dual-compartment-insulated-lunch-bag-navy-blue-adjustable-shoulder-strap-bt021-b,"Dual Compartment Insulated Lunch Bag, Navy Blue, Adjustable Shoulder Strap - BT021-BL",https://m.media-amazon.com/images/I/41dyKm+-KML._AC_.jpg,https://m.media-amazon.com/images/I/41ibIMCN4GL._AC_.jpg,,
dual-compartment-insulated-lunch-bag-red-adjustable-shoulder-strap-bt021-r,"Dual Compartment Insulated Lunch Bag, Red, Adjustable Shoulder Strap - BT021-R",https://m.media-amazon.com/images/I/41bWvZBzi7L._AC_.jpg,https://m.media-amazon.com/images/I/41ibIMCN4GL._AC_.jpg,,
dual-dash-camera-1080p-full-hd-130-fov-f20-lens-with-rear-camera-led-night-visio,"Dual Dash Camera, 1080P Full HD, 130° FOV, F/2.0 Lens with Rear Camera, LED Night Vision",https://m.media-amazon.com/images/I/61K+NsxsleL._AC_SL1500_.jpg,https://m.media-amazon.com/images/I/61SApR4AglL._AC_SL1500_.jpg,https://m.media-amazon.com/images/I/61jK80tQEBL._AC_SL1500_.jpg,
eagle-value-anti-theft-vehicle-alarm-system,EAGLE VALUE ANTI-THEFT VEHICLE ALARM SYSTEM,https://m.media-amazon.com/images/I/61oNYeXNhZL._AC_SL1200_.jpg,https://m.media-amazon.com/images/I/41U2EqM9HsL._AC_.jpg,,
electric-bug-zapper-racket-rechargeable-mosquito-swatter-white,"Electric Bug Zapper Racket, Rechargeable Mosquito Swatter, White",https://m.media-amazon.com/images/I/61vbU6xWrUL._AC_SL1500_.jpg,https://m.media-amazon.com/images/I/61OfOmSCP7L._AC_.jpg,,
electric-desoldering-iron-pump-twizzers-and-soldering-machine-for-precisioned-so,"Electric Desoldering Iron Pump, Twizzers and Soldering Machine For Precisioned Soldering - BS-908",https://m.media-amazon.com/images/I/41-8sAESslL._AC_.jpg,,,
electric-fan-heater-white-and-grey-model-dgm-qhs21-compact-desktop-design,"Electric Fan Heater, White and Grey, Model DGM-QHS21, Compact Desktop Design",https://m.media-amazon.com/images/I/61F6lTxQM1L._AC_SL1200_.jpg,https://m.media-amazon.com/images/I/513jFVmuz5L._AC_SL1200_.jpg,,
electric-hand-mixer-with-bowl-7-speed-settings-red-stainless-steel-bowl,"Electric Hand Mixer with Bowl, 7-Speed Settings, Red, Stainless Steel Bowl",https://m.media-amazon.com/images/I/41ZWi6WdAOL._AC_.jpg,https://m.media-amazon.com/images/I/611++VIs+qL._AC_SL1000_.jpg,https://m.media-amazon.com/images/I/71-Gni6XIfL._AC_SL1200_.jpg,
electric-heater-with-grill-top-rotary-knob-control-green-and-orange-dgm-qhs97,"Electric Heater with Grill Top, Rotary Knob Control, Green and Orange - DGM-QHS97",https://m.media-amazon.com/images/I/51h6xpJfdQL._AC_.jpg,https://m.media-amazon.com/images/I/81JnnIOwwmL._AC_SL1500_.jpg,,
electric-hot-comb-hair-straightener-ceramic-straightening-iron-frizz-free-3-heat,Electric Hot Comb Hair Straightener Ceramic Straightening Iron Frizz- Free 3 Heating Adjustable Straightener Brush Anti Scald Press Comb Ceramic for Home Professional Salon,https://m.media-amazon.com/images/I/51SRlTCvQtL._AC_SL1000_.jpg,https://m.media-amazon.com/images/I/61HIaSBTZuL._AC_SL1000_.jpg,https://m.media-amazon.com/images/I/71mBZFpofCL._AC_SL1000_.jpg,
electric-mini-food-processor-250ml-capacity-usb-powered-white,"Electric Mini Food Processor, 250ml Capacity, USB Powered, White",https://m.media-amazon.com/images/I/61hJZ6Q90qL._AC_SL1500_.jpg,https://m.media-amazon.com/images/I/61m2Yj1cQrL._AC_SL1500_.jpg,https://m.media-amazon.com/images/I/71m8U8VoWbL._AC_SL1500_.jpg,
exlusive-2-piece-drldaytime-running-lamp-bumper-fog-lamp-fit-35in,Exlusive 2 PIECE DRL(DAYTIME RUNNING LAMP) Bumper Fog Lamp Fit (3.5IN),https://m.media-amazon.com/images/I/51eLaORzS3L._AC_SL1360_.jpg,https://m.media-amazon.com/images/I/41R-bQjtL4L._AC_.jpg,https://m.media-amazon.com/images/I/31RbEoClUpL._AC_.jpg,
exlusive-2-piece-drldaytime-running-lamp-bumper-fog-lamp-fit-40in,Exlusive 2 PIECE DRL(DAYTIME RUNNING LAMP) Bumper Fog Lamp Fit (4.0IN),https://m.media-amazon.com/images/I/51eLaORzS3L._AC_SL1360_.jpg,https://m.media-amazon.com/images/I/41R-bQjtL4L._AC_.jpg,https://m.media-amazon.com/images/I/31RbEoClUpL._AC_.jpg,
fake-dummy-waterproof-ir-led-security-camera,Fake Dummy Waterproof IR LED Security Camera,https://m.media-amazon.com/images/I/31Uawf12pgL._AC_.jpg,https://m.media-amazon.com/images/I/41Tz3waJ5KL._AC_.jpg,,
fan-heater-2000w-2-heating-levels-coolwarmhot-wind-adjustable-thermostat-overhea,"Fan Heater, 2000W, 2 Heating Levels, Cool/Warm/Hot Wind, Adjustable Thermostat, Overheat Protection - DGM-QHS23",https://m.media-amazon.com/images/I/41RH70XAu9L._AC_.jpg,https://m.media-amazon.com/images/I/51JPK1GKh4L._AC_.jpg,https://m.media-amazon.com/images/I/51Gjd2fTBqL._AC_.jpg,
fridge-safe-voltage-protector-16a-with-bypass-function-led-indicators-sf-a005f,"Fridge Safe Voltage Protector, 16A, with Bypass Function, LED Indicators, SF-A005F",https://m.media-amazon.com/images/I/41AgT+OkioL._AC_.jpg,https://m.media-amazon.com/images/I/51b7potENcL._AC_SL1000_.jpg,https://m.media-amazon.com/images/I/51meo9UxkfL._AC_SL1000_.jpg,
garden-bypass-pruning-shears-stainless-steel-blade-red-and-white-handles-205cm-s,"Garden Bypass Pruning Shears, Stainless Steel Blade, Red and White Handles, 20.5cm, Spring-Loaded",https://m.media-amazon.com/images/I/414MQxQxWFL._AC_SL1443_.jpg,https://m.media-amazon.com/images/I/41R-YlKEF+L._AC_SL1446_.jpg,,
garden-hose-spray-nozzle-green-abs-7-spray-patterns-anti-slip-handle-adjustable-,"Garden Hose Spray Nozzle, Green, ABS, 7 Spray Patterns, Anti-Slip Handle, Adjustable Water Flow Control",https://m.media-amazon.com/images/I/51fuuRFQ6eL._AC_SL1000_.jpg,https://m.media-amazon.com/images/I/61tycDYXSRS._AC_SL1024_.jpg,https://m.media-amazon.com/images/I/71NBn7zWtmL._AC_SL1500_.jpg,
garden-wall-mounted-solar-motion-sensor-led-lights-set-of-4,Garden Wall Mounted Solar Motion Sensor LED Lights Set of 4,https://m.media-amazon.com/images/I/61ymRTpW4NL._AC_SL1000_.jpg,https://m.media-amazon.com/images/I/710sSbRv3YL._AC_SL1000_.jpg,https://m.media-amazon.com/images/I/51wqg6gcjZL._AC_SL1000_.jpg,
gd-plus-solar-flood-light-gd-2202,GD PLUS SOLAR FLOOD LIGHT - GD-2202,https://m.media-amazon.com/images/I/61wxcoOeL8L._AC_SL1280_.jpg,https://m.media-amazon.com/images/I/61hZ9b2su4L._AC_SL1280_.jpg,https://m.media-amazon.com/images/I/61XwYaps1YL._AC_SL1280_.jpg,
glow-game-keyboard-and-mouse-gaming-suite-with-rgb-backlight,GLOW GAME KEYBOARD AND MOUSE GAMING SUITE WITH RGB BACKLIGHT,https://m.media-amazon.com/images/I/61-HrkKzMzL._AC_SL1200_.jpg,https://m.media-amazon.com/images/I/613pfCRjHHL._AC_SL1500_.jpg,,
green-led-dashboard-strobe-light-emergency-warning-flash-bar-with-suction-cup-mo,"Green LED Dashboard Strobe Light, Emergency Warning Flash Bar with Suction Cup Mount",https://cdn.autostyle.co.za/wp-content/uploads/2020/09/29144823/NSTL-LED33GREEN.jpg,https://m.media-amazon.com/images/I/41kFZ1ZCO5L._AC_SX425_.jpg,,
gt-54ch-5in-car-coaxial-speaker-300w-4-ohms-93db-sensitivity-midrange-loudspeake,"GT-5.4CH 5in Car Coaxial Speaker, 300W 4 Ohms 93dB Sensitivity Midrange Loudspeaker, Door Speakers for Car or Truck Stereo Sound System",https://m.media-amazon.com/images/I/610RBs1ANCL._AC_SL1260_.jpg,https://m.media-amazon.com/images/I/71RvaK9OU7L._AC_SL1500_.jpg,https://m.media-amazon.com/images/I/715XW0wG+iL._AC_SL1500_.jpg,
gw-professional-hair-clipper-with-lcd-display-4-guide-combs-usb-rechargeable-cle,"GW Professional Hair Clipper with LCD Display, 4 Guide Combs, USB Rechargeable, Cleaning Brush Included - GW-9775",https://m.media-amazon.com/images/I/516RG8U5JsL._AC_SL1015_.jpg,https://m.media-amazon.com/images/I/612vbLndcWL._AC_SL1200_.jpg,https://m.media-amazon.com/images/I/51bQo8yhbrL._AC_SL1200_.jpg,
h09-mini-usb-powered-personal-air-humidifier-with-rgb-ambient-colorful-lighting-,"H09 Mini USB Powered Personal Air Humidifier with RGB Ambient Colorful Lighting & Auto Shut-Off, – Ideal for Bedrooms, Offices and Cars - Black",https://m.media-amazon.com/images/I/419Zh6WaqwL._AC_.jpg,https://m.media-amazon.com/images/I/41tQyCmPBqL._AC_SL1000_.jpg,https://m.media-amazon.com/images/I/61y6r9ugtKL._AC_.jpg,
h09-mini-usb-powered-personal-air-humidifier-with-rgb-ambient-colorful-lighting--1,"H09 Mini USB Powered Personal Air Humidifier with RGB Ambient Colorful Lighting & Auto Shut-Off, – Ideal for bedrooms, offices, cars - White",https://m.media-amazon.com/images/I/41mkUmNTsUL._AC_.jpg,https://m.media-amazon.com/images/I/61kMc84cGCL._AC_.jpg,,
hand-riveter-48mm-size,"Hand Riveter, 4.8mm Size",https://m.media-amazon.com/images/I/41Yq4YjI3-L._AC_SL1200_.jpg,,,
happy-foodie-portable-gas-stove-qlf-022d-single-burner-black,"Happy Foodie Portable Gas Stove QLF-022D, Single Burner, Black",https://m.media-amazon.com/images/I/51sH2FN8CxL._AC_SL1200_.jpg,https://m.media-amazon.com/images/I/61YzFf5Fi8L._AC_SL1200_.jpg,https://m.media-amazon.com/images/I/617tciSxoRL._AC_SL1200_.jpg,
headlight-restoration-spray-professional-car-headlamp-spray-2-pack,"Headlight Restoration Spray, Professional Car Headlamp Spray, 2-Pack",https://m.media-amazon.com/images/I/41E67Zl9VyL._AC_.jpg,https://m.media-amazon.com/images/I/514WLgNbFcL._AC_.jpg,,
high-power-green-laser-pointer-with-turn-switch-key-black,"High Power Green Laser Pointer with Turn Switch Key, Black","https://static.wixstatic.com/media/c6e28e_b8897be9b0c94a60aea8e6554f26f37d~mv2.jpg/v1/fill/w_489,h_358,al_c,q_85/c6e28e_b8897be9b0c94a60aea8e6554f26f37d~mv2.jpg",https://beamqlaser.com/wp-content/uploads/10000m-532-nm-Green-Laser-pointer-303-Powerful-device-laser-Sight-Light-verde-lazer-Pen-Head-3.jpg,https://beamqlaser.com/wp-content/uploads/10000m-532-nm-Green-Laser-pointer-303-Powerful-device-laser-Sight-Light-verde-lazer-Pen-Head-2.jpg,
high-pressure-multi-functional-cordless-rechargeable-cleaning-gun,HIGH PRESSURE MULTI-FUNCTIONAL CORDLESS RECHARGEABLE CLEANING GUN,https://m.media-amazon.com/images/I/51EoMFoRokL._AC_.jpg,https://m.media-amazon.com/images/I/51qb5m9c94L._AC_.jpg,https://m.media-amazon.com/images/I/61DR4YdtdEL._AC_SL1200_.jpg,
hmh-accessories-spray-paint-acrylic-epoxy-fast-dry-interior-exterior-450ml-red-w,"Hmh Accessories Spray Paint, Acrylic Epoxy, Fast Dry, Interior-Exterior, 450ml, Red, White, Blue - Set of 3",https://m.media-amazon.com/images/I/61XwqhzEQNL._AC_SL1200_.jpg,,,
hmk-scratch-swirl-remover-micro-polishing-technology-car-paint-care-300ml,"HMK Scratch Swirl Remover, Micro-Polishing Technology, Car Paint Care, 300ml",https://m.media-amazon.com/images/I/611FuOC9H7L._AC_SL1200_.jpg,,,
hoaitri-super-heavy-duty-aa-batteries-15v-r6s-size-0-mercury-and-cadmium-battery,"HOAITRI Super Heavy Duty AA Batteries, 1.5V R6S Size, 0% Mercury and Cadmium, Battery Pack - 40 PCS",https://media.takealot.com/covers_images/91c20cffc1d9438dba45bd3d2655443a/s-zoom.file,https://media.takealot.com/covers_images/d46c8f1671b94ae997e83fdf04d8ee1c/s-zoom.file,https://media.takealot.com/covers_images/4da369b026a84d5992cc4f0c641a8ce0/s-zoom.file,
homonth-brake-bomber-non-acid-wheel-cleaner-and-bug-remover-120ml,"Homonth Brake Bomber Non-Acid Wheel Cleaner and Bug Remover, 120ml",https://m.media-amazon.com/images/I/61YCwuINtuL._AC_SL1500_.jpg,https://m.media-amazon.com/images/I/71O-hbZrnAL._AC_SL1500_.jpg,https://m.media-amazon.com/images/I/71S08PYR8ML._AC_SL1500_.jpg,
hot-melt-glue-gun-diy-home-tool-electric-fast-and-easy-100-240v,"Hot Melt Glue Gun, DIY Home Tool, Electric, Fast and Easy, 100-240V",https://m.media-amazon.com/images/I/31sgEHprUHL._AC_.jpg,https://m.media-amazon.com/images/I/419BXBHjt-L._AC_.jpg,,
human-body-induction-light-operated-solar-sensor-light-set-of-2,HUMAN BODY INDUCTION + LIGHT OPERATED SOLAR SENSOR LIGHT - SET OF 2,https://m.media-amazon.com/images/I/51XXW201h2L._AC_SL1200_.jpg,https://m.media-amazon.com/images/I/51mGJmBGHlL._AC_SL1200_.jpg,https://m.media-amazon.com/images/I/51ouZN807dL._AC_.jpg,
i16-pro-mini-mobile-phone-dual-sim-triple-camera-black,"I16 Pro Mini Mobile Phone, Dual SIM, Triple Camera, Black",https://m.media-amazon.com/images/I/51VhyphIr-L._AC_SL1200_.jpg,https://m.media-amazon.com/images/I/518JzYmBIcL._AC_SL1200_.jpg,https://m.media-amazon.com/images/I/61EaeXp6QJL._AC_SL1200_.jpg,
in-car-car-cigarette-lighter-splitter-3-sockets-with-2-usb-ports-120w-12v24v,"IN-CAR Car Cigarette Lighter Splitter, 3 Sockets with 2 USB Ports, 120W, 12V/24V",https://m.media-amazon.com/images/I/51xFa1QwxhL._AC_.jpg,https://m.media-amazon.com/images/I/51skSKDGm1L._AC_.jpg,,
instant-electric-heating-water-faucet-and-shower,INSTANT ELECTRIC HEATING WATER FAUCET AND SHOWER,https://media.takealot.com/covers_images/220dcb9c69ab422bbf9a1e678572f936/s-zoom.file,https://media.takealot.com/covers_images/fdb5232a3a71447b9669608fd069ead8/s-zoom.file,https://media.takealot.com/covers_images/dc1b02f363da487e90a1be119ebcd189/s-list.file,
insulated-lunch-bag-with-dual-compartments-adjustable-shoulder-strap-grey-bt021-,"Insulated Lunch Bag with Dual Compartments, Adjustable Shoulder Strap, Grey - BT021-G",https://m.media-amazon.com/images/I/41T+AYwrdDL._AC_.jpg,https://m.media-amazon.com/images/I/41ibIMCN4GL._AC_.jpg,,
insulated-lunch-bag-with-dual-compartments-black-waterproof-thermal-cooler-tote-,"Insulated Lunch Bag with Dual Compartments, Black, Waterproof Thermal Cooler Tote with Shoulder Strap - BT021-BLK",https://m.media-amazon.com/images/I/41bs7GFuLLL._AC_.jpg,https://m.media-amazon.com/images/I/41ibIMCN4GL._AC_.jpg,,
insulated-lunch-bag-with-shoulder-strap-burgundy-compact-cooler-tote-with-zipper,"Insulated Lunch Bag with Shoulder Strap, Burgundy, Compact Cooler Tote with Zipper - 717",https://m.media-amazon.com/images/I/61naa-9lxmL._AC_SL1500_.jpg,,,
insulated-lunch-bag-with-shoulder-strap-grey-heather-with-brown-trim-dual-zip-cl,"Insulated Lunch Bag with Shoulder Strap, Grey Heather with Brown Trim, Dual Zip Closure",https://m.media-amazon.com/images/I/31SJnEZtgGL._AC_.jpg,,,
insulated-lunch-box-with-shoulder-strap-black-and-brown-dual-zipper-compartments,"Insulated Lunch Box with Shoulder Strap, Black and Brown, Dual Zipper Compartments - 5585-BLK",https://m.media-amazon.com/images/I/3165G+jjFUL._AC_.jpg,,,
intelligent-moitoring-camera-mini-wifi-ip-camera-with-motion-detection-yj-b06,INTELLIGENT MOITORING CAMERA MINI WIFI IP CAMERA WITH MOTION DETECTION - YJ-B06,https://m.media-amazon.com/images/I/41e6iz91sEL._AC_SL1001_.jpg,https://m.media-amazon.com/images/I/51QP5qXELGL._AC_SL1001_.jpg,,
intelligent-personal-body-weight-bluetooth-scale-with-bmi-measurements-app-and-l,Intelligent Personal Body Weight Bluetooth Scale With BMI Measurements App and LED Display - (Battery Operated),https://m.media-amazon.com/images/I/51vg3Elh0YL._AC_SL1500_.jpg,https://m.media-amazon.com/images/I/51z0QoQt6mL._AC_.jpg,,
iron-lock-padlock-set-brass-and-steel-32-38-50mm-sizes-12-pieces,"Iron Lock Padlock Set, Brass and Steel, 32-38-50mm Sizes, 12 Pieces",https://m.media-amazon.com/images/I/61ii4Nb2CSL._AC_.jpg,https://m.media-amazon.com/images/I/71+4AVxEVBL._AC_SL1500_.jpg,,
ivy-adhesive-double-sided-reusable-grip-tape,IVY ADHESIVE DOUBLE-SIDED REUSABLE GRIP TAPE,https://m.media-amazon.com/images/I/51Lf69jtwPL._AC_.jpg,https://m.media-amazon.com/images/I/51wPoxwG8pL._AC_.jpg,https://m.media-amazon.com/images/I/61c+rnumcKL._AC_SL1000_.jpg,
jh-2000-spirit-level-400mm-magnetic-uv-resistant-with-shockproof-vials,"JH-2000 Spirit Level, 400mm, Magnetic, UV Resistant with Shockproof Vials",https://m.media-amazon.com/images/I/41rq0teTFqL._AC_.jpg,https://m.media-amazon.com/images/I/41gPQSs83WL._AC_.jpg,https://m.media-amazon.com/images/I/51++PYEJ2iL._AC_.jpg,
jh-2000-spirit-level-600mm-magnetic-uv-resistant-with-shockproof-vials,"JH-2000 Spirit Level, 600mm, Magnetic, UV Resistant with Shockproof Vials",https://m.media-amazon.com/images/I/41kiXt8vBhL._AC_.jpg,https://m.media-amazon.com/images/I/41j07c0GriL._AC_.jpg,https://m.media-amazon.com/images/I/51++PYEJ2iL._AC_.jpg,
jia-yuan-3-piece-kitchen-knife-set-stainless-steel-blades-with-wooden-handles-8-,"JIA YUAN 3-Piece Kitchen Knife Set, Stainless Steel Blades with Wooden Handles, 8"" Cleaver, 8"" Chef, 5"" Fruit Knife",https://m.media-amazon.com/images/I/51LneUuX7CL._AC_SL1024_.jpg,,,
kids-smart-watch-pink-and-blue-silicone-strap-ip67-waterproof-hd-camera-sim-card,"Kids Smart Watch, Pink and Blue, Silicone Strap, IP67 Waterproof, HD Camera, SIM Card Slot, Retina Touch Screen",https://m.media-amazon.com/images/I/51HXhBl3fEL._AC_.jpg,https://m.media-amazon.com/images/I/61ff2TRtURL._AC_SL1148_.jpg,https://m.media-amazon.com/images/I/71wrqIyX03L._AC_SL1500_.jpg,
kitchen-ideas-hand-operated-16pcs-vegitable-slicer-dicer-and-veggie-grater,"KITCHEN IDEAS HAND OPERATED 16PCS VEGITABLE SLICER, DICER, AND VEGGIE GRATER",https://m.media-amazon.com/images/I/61wazR9O9ML._AC_SL1057_.jpg,https://m.media-amazon.com/images/I/71mmxnc1QEL._AC_SL1500_.jpg,https://m.media-amazon.com/images/I/619kNyesLgL._AC_.jpg,
kitchen-shears-with-blade-cover-stainless-steel-multi-purpose-scissors-black-and,"Kitchen Shears with Blade Cover, Stainless Steel, Multi-Purpose Scissors, Black and White",https://m.media-amazon.com/images/I/513pA9gN-kL._AC_SL1500_.jpg,https://m.media-amazon.com/images/I/71mYZajr5jL._AC_SL1500_.jpg,https://m.media-amazon.com/images/I/5169v8cgHNL._AC_.jpg,
klgo-30000mah-large-capacity-power-bank,KLGO 30000mAh Large Capacity Power Bank,https://m.media-amazon.com/images/I/21-1ftBwDML._AC_.jpg,https://m.media-amazon.com/images/I/41fZrxtSUfL._AC_.jpg,https://m.media-amazon.com/images/I/31ZxoXAKhnL._AC_.jpg,
klgo-fast-charger-high-speed-cable-charger-set-ios-kc-2s,KLGO FAST CHARGER + HIGH-SPEED CABLE CHARGER SET - IOS KC-2S,https://m.media-amazon.com/images/I/71TKF3KypsL._AC_SL1500_.jpg,https://m.media-amazon.com/images/I/71aCkQbQeyL._AC_SL1500_.jpg,,
leaf-rake-grass-rake-artificial-turf-rake-rakes-for-lawns-heavy-duty-garden-rake,Leaf Rake Grass Rake Artificial Turf Rake Rakes for Lawns Heavy Duty Garden Rakes Rake for Leaves Hand Garden Tools Yard Rakes for Leaves Heavy Duty Manual Plastic Lawn Grass- SET OF 2 (ORANGE),https://m.media-amazon.com/images/I/41RQqhAsZbL._AC_SL1200_.jpg,https://m.media-amazon.com/images/I/71Z-iUiyS0L._AC_SL1200_.jpg,,
led-camping-multifunction-fishlight-with-rf-wireless-remote-control,LED CAMPING MULTIFUNCTION FISHLIGHT WITH RF WIRELESS REMOTE CONTROL,https://m.media-amazon.com/images/I/31ThiOolIAL._AC_.jpg,https://m.media-amazon.com/images/I/31wvwxhocKL._AC_.jpg,,
led-floodlight-20w-ip66-waterproof-rating-outdoor-and-security-light,"LED Floodlight, 20W, IP66 Waterproof Rating, Outdoor and Security Light",https://m.media-amazon.com/images/I/91ejEVBTEdL._AC_SL1500_.jpg,https://m.media-amazon.com/images/I/71BLM2FVL6L._AC_SL1500_.jpg,https://m.media-amazon.com/images/I/71r4zTfyz7L._AC_SL1500_.jpg,
led-lcd-pdf-flat-panel-tv-wall-mount-for-40-80-inch-tvs,LED LCD PDF Flat panel TV Wall Mount for 40-80 inch TV's,https://m.media-amazon.com/images/I/41jpRfNSaML._AC_.jpg,https://m.media-amazon.com/images/I/51pMSdLxORL._AC_SL1050_.jpg,https://m.media-amazon.com/images/I/31OlcXf8MZL._AC_.jpg,
led-lcd-pdf-flat-panel-tv-wall-mount-for-40-85-inch-tvs,LED LCD PDF Flat panel TV Wall Mount for 40-85 inch TV's,https://m.media-amazon.com/images/I/41ItvX4iHQL._AC_.jpg,https://m.media-amazon.com/images/I/41HgwmH7EpL._AC_.jpg,https://m.media-amazon.com/images/I/51dIznxkicL._AC_SL1050_.jpg,
led-mini-light-bar-amber-warning-strobe-magnetic-roof-mount-emergency-flash-beac,"LED Mini Light Bar, Amber Warning Strobe, Magnetic Roof Mount, Emergency Flash Beacon for Vehicles",https://m.media-amazon.com/images/I/51arf4cKCJL._AC_SL1500_.jpg,https://m.media-amazon.com/images/I/71QhNPGC+ML._AC_SL1500_.jpg,https://m.media-amazon.com/images/I/51mxdDllzAL._AC_SL1500_.jpg,
led-module-string-lights-blue-housing-20-pieces-waterproof-blue-light,"LED Module String Lights, Blue Housing, 20 Pieces, Waterproof, Blue Light",https://m.media-amazon.com/images/I/61fi-cn7kqL._AC_.jpg,https://m.media-amazon.com/images/I/61A1OEH9vvL._AC_.jpg,https://m.media-amazon.com/images/I/71lO4DC5FTL._AC_SL1277_.jpg,
led-strip-light-12v-5a-power-supply-8mm-wide-5m-length-yellow,"LED Strip Light, 12V 5A Power Supply, 8mm Wide, 5M Length, Yellow",https://m.media-amazon.com/images/I/51sB3WGgVdL._AC_.jpg,https://m.media-amazon.com/images/I/6179E4ToetL._AC_.jpg,https://m.media-amazon.com/images/I/61UbXJ31iuL._AC_.jpg,
lock-installation-kit-hole-saw-with-mandrel-and-spade-bit-for-deadbolts-or-locks,"Lock Installation Kit, Hole Saw with Mandrel and Spade Bit, for Deadbolts or Locksets, 54mm",https://m.media-amazon.com/images/I/41Wl4+inz7L._AC_.jpg,https://m.media-amazon.com/images/I/51rxevieF6L._AC_.jpg,,
m11-portable-handheld-fan-beige-bladeless-design-rechargeable-compact-personal-c,"M11 Portable Handheld Fan, Beige, Bladeless Design, Rechargeable, Compact Personal Cooling Device",https://m.media-amazon.com/images/I/41CaDRiKFKL._AC_SL1160_.jpg,https://m.media-amazon.com/images/I/61nh9+F+-lL._AC_SL1500_.jpg,https://m.media-amazon.com/images/I/61EVKNSDFhL._AC_SL1500_.jpg,
m11-portable-handheld-fan-white-bladeless-design-rechargeable-compact-personal-c,"M11 Portable Handheld Fan, White, Bladeless Design, Rechargeable, Compact Personal Cooling Device",https://m.media-amazon.com/images/I/41HVJIKRkjL._AC_SL1160_.jpg,https://m.media-amazon.com/images/I/61kWjaGi+nL._AC_SL1100_.jpg,https://m.media-amazon.com/images/I/71Lt0aoPB7L._AC_SL1100_.jpg,
m8-mini-wifi-door-bell-with-chime-visualisable-smart-doorbell-v380-pro,"M8 Mini WIFI Door Bell with Chime, Visualisable Smart Doorbell - V380 Pro",https://m.media-amazon.com/images/I/410VJlqxRWL._AC_SL1000_.jpg,https://m.media-amazon.com/images/I/413U64ZKg3L._AC_SL1000_.jpg,https://m.media-amazon.com/images/I/51RaYnpj5FL._AC_SL1000_.jpg,
magnetic-10-000mah-wireless-power-bank-kp-92,MAGNETIC 10 000MAH WIRELESS POWER BANK - KP-92,https://m.media-amazon.com/images/I/51X1birn+lL._AC_SL1000_.jpg,https://m.media-amazon.com/images/I/51O5IWfux-L._AC_SL1000_.jpg,https://m.media-amazon.com/images/I/5162s+7mceL._AC_SL1000_.jpg,
magnetic-chess-set-portable-folding-board-game-with-black-and-white-pieces-class,"Magnetic Chess Set, Portable Folding Board Game with Black and White Pieces, Classic Strategy Game, 21 x 21cm Travel Size",https://m.media-amazon.com/images/I/51FLwFQZ5pL._AC_.jpg,https://m.media-amazon.com/images/I/61iVWV2gIML._AC_.jpg,https://m.media-amazon.com/images/I/61iVWV2gIML._AC_.jpg,
magnifier-with-auxiliary-clip-and-5-led-light-acdc-interchangeable,"MAGNIFIER WITH AUXILIARY CLIP AND 5 LED LIGHT, AC/DC INTERCHANGEABLE",https://m.media-amazon.com/images/I/51SB3i87JGL._AC_.jpg,https://m.media-amazon.com/images/I/71W8YgOcT5L._AC_SL1001_.jpg,https://m.media-amazon.com/images/I/61m9AYhKtkL._AC_SL1001_.jpg,
martial-eagle-paint-brush-set-5-pieces-yellow-handle-sizes-12mm25mm38mm50mm64mm,"Martial Eagle Paint Brush Set, 5 Pieces, Yellow Handle, Sizes 12mm/25mm/38mm/50mm/64mm",https://m.media-amazon.com/images/I/71xlWiOI-sL._AC_SL1500_.jpg,https://m.media-amazon.com/images/I/51VODacVBjL._AC_SL1500_.jpg,https://m.media-amazon.com/images/I/61Y5foJMWkL._AC_.jpg,
mikuso-cordie-1-notebook-cooling-pad,MIKUSO CORDIE-1 NOTEBOOK COOLING PAD,https://m.media-amazon.com/images/I/51N2rjyZWtL._AC_.jpg,https://m.media-amazon.com/images/I/51b0IanAUwL._AC_.jpg,https://m.media-amazon.com/images/I/41waag6GulL._AC_.jpg,
mini-led-floodlight-200w-ip66-waterproof-rating-white,"Mini LED Floodlight, 200W, IP66 Waterproof Rating, White",https://m.media-amazon.com/images/I/81rZBbnwlJL._AC_SL1500_.jpg,https://m.media-amazon.com/images/I/51wNwnJagXL._AC_SL1185_.jpg,https://m.media-amazon.com/images/I/51if9hwChNL._AC_.jpg,
mini-led-floodlight-50w-ip66-waterproof-rating,"Mini LED Floodlight, 50W, IP66 Waterproof Rating",https://m.media-amazon.com/images/I/81i1r1X0qUL._AC_SL1500_.jpg,https://m.media-amazon.com/images/I/71K0PRBeM1L._AC_SL1500_.jpg,https://m.media-amazon.com/images/I/51wNwnJagXL._AC_SL1185_.jpg,
mini-wire-brush-set-brass-and-nylon-bristles-plastic-handle-black-yellow-and-red,"Mini Wire Brush Set, Brass and Nylon Bristles, Plastic Handle, Black, Yellow and Red, 3 Pieces",https://m.media-amazon.com/images/I/4192VjRLsUL._AC_SL1080_.jpg,https://m.media-amazon.com/images/I/51IY4vRTl5L._AC_SL1080_.jpg,https://m.media-amazon.com/images/I/51K1HXGTHeL._AC_SL1080_.jpg,
multifunctional-electric-rice-cooker-5l,Multifunctional Electric Rice Cooker - 5L,https://m.media-amazon.com/images/I/41j6a5i1isL._AC_.jpg,https://m.media-amazon.com/images/I/510oS+Z2aRL._AC_.jpg,https://m.media-amazon.com/images/I/61Y5foJMWkL._AC_.jpg,
neon-led-bar-sign,Neon LED Bar Sign,https://m.media-amazon.com/images/I/31HFq8OglyL._AC_.jpg,,,
pasta-server-spoon-nylon-with-speckled-finish-mint-green-handle-non-stick-safe-k,"Pasta Server Spoon, Nylon with Speckled Finish, Mint Green Handle, Non-Stick Safe, Kitchen Utensil",https://m.media-amazon.com/images/I/31ymj1ZW2SL._AC_SL1209_.jpg,https://m.media-amazon.com/images/I/31E8uSHf9FL._AC_SL1211_.jpg,,
patio-mistcooling-kit,PATIO MISTCOOLING KIT,https://m.media-amazon.com/images/I/518BNKpsA9L._AC_SL1434_.jpg,https://m.media-amazon.com/images/I/51kH9axitvL._AC_SL1187_.jpg,https://m.media-amazon.com/images/I/61yvMdc-pUL._AC_SL1500_.jpg,
pervoi-ctc-2216-car-stereo-fmbtusbmp3-single-din-digital-display-dual-usb-ports,"PERVOI CTC-2216 Car Stereo, FM/BT/USB/MP3, Single Din, Digital Display, Dual USB Ports",https://m.media-amazon.com/images/I/41LngesEnWL._AC_.jpg,https://m.media-amazon.com/images/I/5195dYIi+dL._AC_.jpg,,
pest-killer-2w,Pest Killer 2W,https://m.media-amazon.com/images/I/41dSKUrhDnL._AC_.jpg,https://m.media-amazon.com/images/I/41coWj9nKUL._AC_.jpg,https://m.media-amazon.com/images/I/417rVlO-WML._AC_.jpg,
pest-killer-6w,Pest Killer 6W,https://m.media-amazon.com/images/I/41dSKUrhDnL._AC_.jpg,https://m.media-amazon.com/images/I/41coWj9nKUL._AC_.jpg,https://m.media-amazon.com/images/I/61JtArKxwLL._AC_SL1500_.jpg,
portable-bluetooth-speaker-with-led-lights-fm-radio-wireless-audio-hf-f3,"Portable Bluetooth Speaker with LED Lights, FM Radio, Wireless Audio - HF-F3",https://m.media-amazon.com/images/I/31SKyRG7ROL._AC_.jpg,https://m.media-amazon.com/images/I/21m-Bn+A6qL._AC_.jpg,https://m.media-amazon.com/images/I/31w6hxA05TL._AC_.jpg,
portable-bluetooth-speaker-with-rgb-led-lights-black-wireless-audio-control-butt,"Portable Bluetooth Speaker with RGB LED Lights, Black, Wireless Audio, Control Buttons",https://m.media-amazon.com/images/I/61LvydCiN0L._AC_SL1080_.jpg,https://m.media-amazon.com/images/I/51UrHQ-tDqL._AC_SL1200_.jpg,https://m.media-amazon.com/images/I/51LoMdTYvZL._AC_SL1080_.jpg,
portable-c-shaped-desktop-fan-with-rgb-colour-light-usb-powered-strong-wind-tabl,"Portable C-Shaped Desktop Fan with RGB Colour Light, USB Powered, Strong Wind, Table Fan",https://m.media-amazon.com/images/I/41b70n+CI0L._AC_.jpg,https://m.media-amazon.com/images/I/51PSRJ4p65L._AC_.jpg,https://m.media-amazon.com/images/I/41NqIvEzULL._AC_.jpg,
portable-car-tyre-inflator-pump-black-and-yellow-with-pressure-gauge-100-psi-124,"Portable Car Tyre Inflator Pump, Black and Yellow, with Pressure Gauge, 100 psi, 12.4 x 16 cm",https://m.media-amazon.com/images/I/41w8FYHoxcL._AC_SL1131_.jpg,https://m.media-amazon.com/images/I/41Pm4S54mpL._AC_SL1094_.jpg,,
portable-mini-hair-trimmer-with-4-guide-combs-professional-grooming-kit-15cm-len-1,"Portable Mini Hair Trimmer with 4 Guide Combs, Professional Grooming Kit, 15cm Length, Multiple Length Settings 1.5-4mm (Gold)",https://m.media-amazon.com/images/I/71PrMj1djgL._AC_SL1500_.jpg,https://m.media-amazon.com/images/I/71uG9ETu0qL._AC_SL1500_.jpg,https://m.media-amazon.com/images/I/71XtemO-GsL._AC_SL1484_.jpg,
portable-mini-hair-trimmer-with-4-guide-combs-professional-grooming-kit-15cm-len,"Portable Mini Hair Trimmer with 4 Guide Combs, Professional Grooming Kit, 15cm Length, Multiple Length Settings 1.5-4mm (Silver)",https://m.media-amazon.com/images/I/711jjuX6HbL._AC_SL1500_.jpg,https://m.media-amazon.com/images/I/715nqy9EbcL._AC_SL1477_.jpg,https://m.media-amazon.com/images/I/71p+6OYl8nL._AC_SL1500_.jpg,
portable-mini-usb-fan-desktop-personal-cooling-fan-with-rose-gold-accents-green,"Portable Mini USB Fan, Desktop Personal Cooling Fan with Rose Gold Accents, Green",https://m.media-amazon.com/images/I/61Y3oIJaPjL._AC_SL1500_.jpg,https://m.media-amazon.com/images/I/51oWuhWJ-qL._AC_SL1357_.jpg,,
portable-mini-usb-fan-desktop-personal-cooling-fan-with-rose-gold-accents-purple,"Portable Mini USB Fan, Desktop Personal Cooling Fan with Rose Gold Accents, Purple",https://m.media-amazon.com/images/I/61Bdhe9-MGL._AC_SL1500_.jpg,https://m.media-amazon.com/images/I/51ynFxclKVL._AC_SL1357_.jpg,https://m.media-amazon.com/images/I/71fNjPw9ueL._AC_SL1500_.jpg,
portable-mini-usb-fan-desktop-personal-cooling-fan-with-rose-gold-accents-white,"Portable Mini USB Fan, Desktop Personal Cooling Fan with Rose Gold Accents, White",https://m.media-amazon.com/images/I/51fit4-Q3+L._AC_SL1500_.jpg,https://m.media-amazon.com/images/I/518Hzrd3ZKL._AC_SL1357_.jpg,,
portable-power-bank-with-led-display-dual-usb-ports-20000mah-capacity-white-kp-7,"Portable Power Bank with LED Display, Dual USB Ports, 20000mAh Capacity, White - KP-77",https://m.media-amazon.com/images/I/21nwCr62a0L._AC_.jpg,https://m.media-amazon.com/images/I/51Y9WSy8bNL._AC_SL1280_.jpg,https://m.media-amazon.com/images/I/51qGyzTWE+L._AC_.jpg,
portable-usb-rechargeable-smoothie-blender-personal-size-pink,"Portable USB Rechargeable Smoothie Blender, Personal Size, Pink",https://m.media-amazon.com/images/I/6198PtaKxuL._AC_SL1377_.jpg,https://m.media-amazon.com/images/I/71Kd7KcME+L._AC_SL1500_.jpg,https://m.media-amazon.com/images/I/71AcGlLPT3L._AC_SL1500_.jpg,
professional-hair-clipper-for-men,Professional Hair Clipper for Men,https://m.media-amazon.com/images/I/51Yrtnv2nIL._AC_.jpg,https://m.media-amazon.com/images/I/61ak346i4LL._AC_.jpg,https://m.media-amazon.com/images/I/71L7O0OvuQL._AC_SL1250_.jpg,
professional-haircutting-trimmer-kit-with-lcd-display-and-type-c-charging-black,PROFESSIONAL HAIRCUTTING TRIMMER KIT WITH LCD DISPLAY AND TYPE-C CHARGING (BLACK),https://m.media-amazon.com/images/I/51lfw1qtCrL._AC_SL1000_.jpg,,,
professional-haircutting-trimmer-kit-with-lcd-display-and-type-c-charging-blue,PROFESSIONAL HAIRCUTTING TRIMMER KIT WITH LCD DISPLAY AND TYPE-C CHARGING (BLUE),https://m.media-amazon.com/images/I/61RfMOxBcML._AC_.jpg,,,
professional-haircutting-trimmer-kit-with-lcd-display-and-type-c-charging-green,PROFESSIONAL HAIRCUTTING TRIMMER KIT WITH LCD DISPLAY AND TYPE-C CHARGING (GREEN),https://m.media-amazon.com/images/I/61sFKAVEXpL._AC_SL1080_.jpg,,,
professional-ratchet-crimping-tool,PROFESSIONAL RATCHET CRIMPING TOOL,https://5.imimg.com/data5/SELLER/Default/2021/8/OS/YT/WR/5983521/2crimp-400-1000x1000.png,,,
q28-bluetooth-fm-transmitter-with-rgb-light-car-charger-with-dual-usb-ports-led-,"Q28 Bluetooth FM Transmitter with RGB Light, Car Charger with Dual USB Ports, LED Display, Hands-Free Calling, Music Player, Black",https://m.media-amazon.com/images/I/51j0SWuGVGL._AC_.jpg,https://m.media-amazon.com/images/I/61z95cK-FDL._AC_.jpg,https://m.media-amazon.com/images/I/61shfrr7JPL._AC_.jpg,
q5-bluetooth-fm-transmitter-car-charger-with-rgb-led-light-wireless-car-audio-ad,"Q5 Bluetooth FM Transmitter Car Charger with RGB LED Light, Wireless Car Audio Adapter, Dual USB Ports, Hands-Free Calling, MP3 Player",https://m.media-amazon.com/images/I/410I6nNXttL._AC_SL1366_.jpg,https://m.media-amazon.com/images/I/51R5CzlhLwL._AC_SL1364_.jpg,https://m.media-amazon.com/images/I/61d11f9ol9L._AC_.jpg,
q7-bluetooth-fm-transmitter-with-rgb-led-lights-car-charger-with-dual-usb-ports-,"Q7 Bluetooth FM Transmitter with RGB LED Lights, Car Charger with Dual USB Ports, Music Player with EQ Control, Black",https://m.media-amazon.com/images/I/51XsMFCc6zL._AC_.jpg,https://m.media-amazon.com/images/I/51OiMEd6qgL._AC_.jpg,https://m.media-amazon.com/images/I/61iJaBOvQeL._AC_SL1000_.jpg,
quartz-room-heater-white-4-heating-electric-elements-dgm-qhr45,"Quartz Room Heater, White, 4 Heating Electric Elements - DGM-QHR45",https://m.media-amazon.com/images/I/61FP86IFTNL._AC_SL1053_.jpg,https://m.media-amazon.com/images/I/51MGZdPy3hL._AC_SL1056_.jpg,https://m.media-amazon.com/images/I/51rIP5bymKL._AC_SL1057_.jpg,
rechargeable-led-spotlight-high-power-handheld-searchlight-with-tripod-usb-charg,"Rechargeable LED Spotlight, High Power Handheld Searchlight with Tripod, USB Charging, Black - W591",https://m.media-amazon.com/images/I/711FxFqZyXL._AC_SL1500_.jpg,https://m.media-amazon.com/images/I/71KjTYZMyUL._AC_SL1500_.jpg,https://m.media-amazon.com/images/I/81Df48cDlOL._AC_SL1500_.jpg,
rechargeable-small-led-torch-adjustable-focus-with-3-lighting-modes-350-lumens-3,"Rechargeable Small LED Torch, Adjustable Focus with 3 Lighting Modes - 350 Lumens 3. 7V-4.2V Voltage Waterproof Flashlight Torch, for Camping Hiking Outdoor Emergency - PACK OF 2",https://m.media-amazon.com/images/I/610VSAMclCL._AC_SL1500_.jpg,https://m.media-amazon.com/images/I/71irknUQ+OL._AC_SL1500_.jpg,https://m.media-amazon.com/images/I/81hsLzBznDL._AC_SL1500_.jpg,
red-tulip-silicone-egg-whisk-teal-non-stick-flat-whisk-for-beating-and-mixing,"Red Tulip Silicone Egg Whisk, Teal, Non-Stick Flat Whisk for Beating and Mixing",https://m.media-amazon.com/images/I/41-uWCpbNAL._AC_SL1500_.jpg,https://m.media-amazon.com/images/I/61ev3VkjyCL._AC_SL1500_.jpg,,
remote-control-robot-toy-white-led-display-eyes-8-wheel-drive-interactive-smart-,"Remote Control Robot Toy, White, LED Display Eyes, 8-Wheel Drive, Interactive Smart Robot with Controller",https://m.media-amazon.com/images/I/71Y14Z7+ZuL._AC_SL1500_.jpg,https://m.media-amazon.com/images/I/71+5450JkML._AC_SL1246_.jpg,https://m.media-amazon.com/images/I/51enHuvJEpL._AC_.jpg,
rgb-gaming-keyboard-and-mouse-combo-mechanical-feel-rainbow-backlit-wired-usb-a-,"RGB Gaming Keyboard and Mouse Combo, Mechanical Feel, Rainbow Backlit, Wired USB - A-1020",https://m.media-amazon.com/images/I/613hFcRHAGL._AC_SL1500_.jpg,https://m.media-amazon.com/images/I/61dyF7eeqHL._AC_.jpg,https://m.media-amazon.com/images/I/61wZjdm8ylL._AC_SL1200_.jpg,
rgb-led-flexible-indoor-strip-lights-5-meter-length,RGB LED FLEXIBLE INDOOR STRIP LIGHTS 5 METER LENGTH,https://longlifelamps.co.uk/wp-content/uploads/2022/09/1-6.jpg,https://longlifelamps.co.uk/wp-content/uploads/2022/09/4-9-150x150.jpg,https://longlifelamps.co.uk/wp-content/uploads/2022/09/8-23-150x150.jpg,
rgb-led-floor-lamp-color-changing-corner-light-gaming-room-decoration-streaming-,"RGB LED Floor Lamp, Color Changing Corner Light, Gaming Room Decoration, Streaming Setup Ambient Lighting",https://i5.walmartimages.com/seo/BUGHUT-RGB-Corner-Floor-Lamp-Color-Changing-LED-Floor-Lamp-Modern-Mood-Lighting-Corner-Lamp-Music-Sync-Remote-App-Control-16-Million-Colors-Dimmable_b35718e3-cb58-4d26-a978-ce6b2dd449e9.3121d442951f9dda29990f71aebbf668.jpeg?odnHeight=640&odnWidth=640&odnBg=FFFFFF,https://m.media-amazon.com/images/I/51CVRLDcsnL._AC_.jpg,https://m.media-amazon.com/images/I/61OJFexFZQL._AC_.jpg,
safy-gas-portable-radiant-heater-lpg-gas-cylinder-not-included-infrared-outdoor-,"Safy Gas Portable Radiant Heater (LPG Gas Cylinder NOT Included), Infrared, Outdoor Use - LQ-2025",https://m.media-amazon.com/images/I/71HK1H40nJL._AC_SL1200_.jpg,https://m.media-amazon.com/images/I/51yW80InnPL._AC_SL1200_.jpg,,
shoe-rack-with-coat-rack-5-tier-shoe-storage-organiser-black-metal-frame-multipl,"Shoe Rack with Coat Rack, 5-Tier Shoe Storage Organiser, Black Metal Frame, Multiple Hooks",https://m.media-amazon.com/images/I/61Go+38JB-L._AC_SY450_.jpg,https://m.media-amazon.com/images/I/71S6foIPZCL._AC_SY450_.jpg,https://m.media-amazon.com/images/I/61U7j9XtJEL._AC_SY450_.jpg,
smart-wifi-camera-with-1080p-full-color-and-ip66-protection-rating,SMART WIFI CAMERA WITH 1080P FULL COLOR AND IP66 PROTECTION RATING,https://m.media-amazon.com/images/I/41o0LVB5vBL._AC_.jpg,https://m.media-amazon.com/images/I/61r2jEQoHWL._AC_SL1212_.jpg,https://m.media-amazon.com/images/I/31+gto+ddEL._AC_.jpg,
solar-garden-stake-light-black-outdoor-pathway-lamp-cl-d68,"Solar Garden Stake Light, Black Outdoor Pathway Lamp - CL-D68",https://m.media-amazon.com/images/I/5141UGhFHIL._AC_SL1500_.jpg,https://m.media-amazon.com/images/I/91mJA1AkQKL._AC_SL1500_.jpg,https://m.media-amazon.com/images/I/91iP3OmXbxL._AC_SL1500_.jpg,
solar-infrared-motion-sensor-alarm-home-garden-security-alarm-system,Solar Infrared Motion Sensor Alarm & Home Garden Security Alarm System,https://m.media-amazon.com/images/I/51tY-XCP2gL._AC_SL1000_.jpg,https://m.media-amazon.com/images/I/41sUdx3cdqL._AC_SL1000_.jpg,https://m.media-amazon.com/images/I/61VzKLpP7bL._AC_SL1000_.jpg,
solar-led-outdoor-lantern-with-motion-sensor-black,"Solar LED Outdoor Lantern with Motion Sensor, Black",https://m.media-amazon.com/images/I/41efmonZtZL._AC_.jpg,https://m.media-amazon.com/images/I/31Yc+bgh0jL._AC_.jpg,,
solar-led-wall-light-with-motion-sensor-decorative-pattern-design-black,"Solar LED Wall Light with Motion Sensor, Decorative Pattern Design, Black",https://m.media-amazon.com/images/I/51rCeqLhE1L._AC_SL1200_.jpg,https://m.media-amazon.com/images/I/51++jE-7V7L._AC_SL1200_.jpg,,
solar-light-100w-led-flood-light-ip67-waterproof-with-solar-panel-and-remote-con,"Solar Light 100W LED Flood Light, IP67 Waterproof, with Solar Panel and Remote Control, 27cm x 22cm, Black",https://m.media-amazon.com/images/I/51BOX5FJDTL._AC_.jpg,https://m.media-amazon.com/images/I/61hR+LyOZaL._AC_.jpg,https://m.media-amazon.com/images/I/61M8-pn9IEL._AC_SL1000_.jpg,
solar-light-300w-led-flood-light-with-solar-panel-ip67-waterproof-remote-control,"Solar Light 300W LED Flood Light with Solar Panel, IP67 Waterproof, Remote Control Included",https://m.media-amazon.com/images/I/61qgB-Fk5cL._AC_SL1500_.jpg,https://m.media-amazon.com/images/I/81LaM8OJT3L._AC_SL1500_.jpg,https://m.media-amazon.com/images/I/61M8-pn9IEL._AC_SL1000_.jpg,
solar-motion-sensor-alarm-shed-alarm-with-2-remote-control-wireless-infrared-mot,"Solar Motion Sensor Alarm, Shed Alarm with 2 Remote Control, Wireless Infrared Motion Detectors, 120dB Sound and IP67 Waterproof, Outdoor Home Alarm -SET OF 2",https://m.media-amazon.com/images/I/711oXR9l5cL._AC_SL1500_.jpg,https://m.media-amazon.com/images/I/61ouf+gsUlL._AC_SL1500_.jpg,https://m.media-amazon.com/images/I/618RcIy0o0L._AC_SL1000_.jpg,
solar-powered-portable-megaphone-speaker-handheld-amplifier-with-handle,"Solar Powered Portable Megaphone Speaker, Handheld Amplifier with Handle",https://m.media-amazon.com/images/I/51Nb1AWQc8L._AC_SL1200_.jpg,https://m.media-amazon.com/images/I/51ZWvDf0G7L._AC_SL1200_.jpg,https://m.media-amazon.com/images/I/51jRhcN8xpL._AC_SL1200_.jpg,
solar-powered-rechargeable-fan-with-led-light-portable-table-fan-with-solar-pane,"Solar Powered Rechargeable Fan with LED Light, Portable Table Fan with Solar Panel, White and Green",https://m.media-amazon.com/images/I/71S0j6R1TXL._AC_SL1500_.jpg,,,
solar-powered-star-string-lights-30-led-indooroutdoor-garden-decorative-lights-r,"Solar-Powered Star String Lights, 30 LED Indoor/Outdoor Garden Decorative Lights, RGB",https://m.media-amazon.com/images/I/410VsAA0woL._AC_.jpg,https://m.media-amazon.com/images/I/61ZZawP827L._AC_SL1010_.jpg,https://m.media-amazon.com/images/I/6115VSb8n-L._AC_SL1080_.jpg,
solar-powered-star-string-lights-30-led-indooroutdoor-garden-decorative-lights-w,"Solar-Powered Star String Lights, 30 LED Indoor/Outdoor Garden Decorative Lights, Warm White",https://m.media-amazon.com/images/I/410VsAA0woL._AC_.jpg,https://m.media-amazon.com/images/I/61xH2NcZMwL._AC_SL1412_.jpg,https://m.media-amazon.com/images/I/71Sl6R670sL._AC_SL1000_.jpg,
split-solar-triple-head-wall-light-fl-1725a,SPLIT SOLAR TRIPLE HEAD WALL LIGHT - FL-1725A,https://m.media-amazon.com/images/I/61uV9IqtUeL._AC_SL1500_.jpg,,,
sports-car-license-disc-holders-set-of-12-black-round-with-luxury-vehicle-design,"Sports Car License disc holders, Set of 12, Black Round with Luxury Vehicle Designs",https://m.media-amazon.com/images/I/81Uwu7W6ElL._AC_SL1500_.jpg,https://m.media-amazon.com/images/I/81Cd8m5oiTL._AC_SL1500_.jpg,https://m.media-amazon.com/images/I/81kxb6460nL._AC_SL1500_.jpg,
spray-cooling-misting-fan-pink,SPRAY COOLING MISTING FAN (PINK),https://m.media-amazon.com/images/I/515svMpCTfL._AC_SL1010_.jpg,https://m.media-amazon.com/images/I/612jsP3n4lL._AC_SL1200_.jpg,https://m.media-amazon.com/images/I/51u-CRYlP9L._AC_.jpg,
stainless-steel-can-bottle-opener-manual-non-slip-handle-kitchen-tool,"Stainless Steel Can & Bottle Opener, Manual, Non-Slip Handle, Kitchen Tool",https://m.media-amazon.com/images/I/51rtZGJyOPL._AC_SL1024_.jpg,https://m.media-amazon.com/images/I/51JeCTdQ1mL._AC_SL1178_.jpg,https://m.media-amazon.com/images/I/61Ob10xroNL._AC_SL1184_.jpg,
stainless-steel-cookware-set-10-pieces-with-glass-lids,"Stainless Steel Cookware Set, 10 Pieces, with Glass Lids",https://m.media-amazon.com/images/I/51STXtXaRyL._AC_SL1018_.jpg,,,
stainless-steel-hand-grater-with-mint-green-handle-fine-grating-kitchen-tool,"Stainless Steel Hand Grater with Mint Green Handle, Fine Grating, Kitchen Tool",https://m.media-amazon.com/images/I/418C98c429L._AC_.jpg,https://m.media-amazon.com/images/I/714JhyoLTGL._AC_SL1500_.jpg,,
stainless-steel-soup-pot-set-4-pieces-with-lids-silver-finish-decorative-diamond,"Stainless Steel Soup Pot Set, 4 Pieces, with Lids, Silver Finish, Decorative Diamond Pattern",https://m.media-amazon.com/images/I/614L4rJAHyL._AC_.jpg,https://m.media-amazon.com/images/I/61cCv1ZQ90L._AC_.jpg,,https://m.media-amazon.com/images/I/61JprN8LQPL._AC_.jpg
stainless-steel-soup-pot-set-5-pieces-glass-lids-gold-handles-cookware-set,"Stainless Steel Soup Pot Set, 5 Pieces, Glass Lids, Gold Handles, Cookware Set",https://m.media-amazon.com/images/I/51S5ffflHrL._AC_.jpg,https://m.media-amazon.com/images/I/41Di3WXDKWL._AC_.jpg,https://m.media-amazon.com/images/I/511YAmDFwZL._AC_.jpg,
submersible-led-lights-with-remote-waterproof-pool-lights-underwater-battery-ope,Submersible LED Lights with Remote: Waterproof Pool Lights Underwater Battery Operated Controlled 16 Color Changing Hot Tub Lights for Pool Shower Aquarium Decoration (SET OF 2),https://m.media-amazon.com/images/I/4118xYFG6-L._AC_.jpg,https://m.media-amazon.com/images/I/61HflMVMkpL._AC_SL1240_.jpg,https://m.media-amazon.com/images/I/71XTlOTSkoL._AC_SL1252_.jpg,
super-scanner-handheld-security-metal-detector-black-with-yellow-display-profess,"Super Scanner Handheld Security Metal Detector, Black with Yellow Display, Professional Grade (RECHARGEABLE)",https://m.media-amazon.com/images/I/71W3DqNLsJL._AC_SL1500_.jpg,https://m.media-amazon.com/images/I/71CUWAv4n6L._AC_SL1420_.jpg,https://m.media-amazon.com/images/I/71P7Q4fawbL._AC_SL1500_.jpg,
super-stainless-razor-blades-double-edge-5-blades-per-pack-10-tucks-super-platin,"Super Stainless Razor Blades, Double Edge, 5 Blades Per Pack, 10 Tucks, Super Platinum Series",https://m.media-amazon.com/images/I/61eb9XWwhTL._AC_SX450_.jpg,https://m.media-amazon.com/images/I/41HYxQSv2SL._AC_.jpg,https://m.media-amazon.com/images/I/61FMIHtN9IL._AC_.jpg,
tabletop-mini-snooker-pool-table-set,Tabletop Mini Snooker Pool Table Set,https://m.media-amazon.com/images/I/31Q5F10mDQL._AC_.jpg,https://m.media-amazon.com/images/I/41-Uho7bNuL._AC_.jpg,,
tactical-flashlight-with-led-side-light-and-lighter-rechargeable-multifunction-t-1,"Tactical Flashlight with LED Side Light, and Lighter, Rechargeable Multifunction Torch - JY-099",https://m.media-amazon.com/images/I/61oX-trfQDL._AC_SY550_.jpg,https://m.media-amazon.com/images/I/41sBXJeKinL._AC_SY550_.jpg,,
tactical-flashlight-with-led-side-light-and-lighter-rechargeable-multifunction-t,"Tactical Flashlight with LED Side Light, and Lighter, Rechargeable Multifunction Torch - JY-099 (SET OF 4)",https://m.media-amazon.com/images/I/71I3Z+fOyuL._AC_SL1500_.jpg,https://m.media-amazon.com/images/I/41sBXJeKinL._AC_.jpg,,
tire-foam-shine-and-cleaner-650ml-powerful-cleaner-with-deep-shining-and-strong-,"Tire Foam Shine and Cleaner, 650ml, Powerful Cleaner with Deep Shining and Strong Protection - 2 Pack",https://m.media-amazon.com/images/I/51QoxH6CQfL._AC_.jpg,https://m.media-amazon.com/images/I/81MiX7wzMqL._AC_SL1500_.jpg,,
tools-set-46pcs-14-inch-socket-set-car-vehicle-repair-set,Tools Set 46pcs 1/4-Inch Socket Set Car Vehicle Repair Set,https://m.media-amazon.com/images/I/61hyE60uvML._AC_SL1000_.jpg,https://m.media-amazon.com/images/I/61duaZNj7IL._AC_SL1000_.jpg,https://m.media-amazon.com/images/I/61jTBV0XjvL._AC_SL1000_.jpg,
tripod-floodlight-stand-for-double-light-mounting,TRIPOD FLOODLIGHT STAND FOR DOUBLE LIGHT MOUNTING,https://m.media-amazon.com/images/I/31ey22aWosL._AC_SX522_.jpg,https://m.media-amazon.com/images/I/31B0zQgYtSL._AC_SX522_.jpg,,
ts-601-universal-65-coaxial-speaker-car-indoor-audio-music-stereo-speaker,"TS-601 Universal 6.5"" Coaxial Speaker Car Indoor Audio Music Stereo Speaker",https://m.media-amazon.com/images/I/615kfCL9H6L._AC_SL1500_.jpg,https://m.media-amazon.com/images/I/51rzGg5FQrL._AC_.jpg,https://m.media-amazon.com/images/I/515i+aViDNL._AC_SL1001_.jpg,
tv-wall-bracket-for-26-63-ultra-slim-tv-bracket-with-spirit-level-50kg-capacity-,"TV Wall Bracket for 26-63"" Ultra-Slim TV Bracket with Spirit Level, 50kg Capacity, Max VESA: 400x400mm",https://m.media-amazon.com/images/I/41qhOZhN1sL._AC_.jpg,https://m.media-amazon.com/images/I/51NCecEqAiL._AC_SL1237_.jpg,https://m.media-amazon.com/images/I/515YCeJHMYL._AC_SL1200_.jpg,
universal-devil-eyes-ambient-led-light-kit-car-rear-window-usb-powered-decorativ,"Universal Devil Eyes Ambient LED Light Kit Car Rear Window, USB Powered, Decorative Sticker Accessory - Y6",https://m.media-amazon.com/images/I/51QpLZB15yL._AC_.jpg,https://m.media-amazon.com/images/I/61JdifnOOYL._AC_.jpg,https://m.media-amazon.com/images/I/41BO8H+-SwL._AC_.jpg,
usb-charger-station-24-port-multi-device-charging-hub-white-and-blue-oval-shape,"USB Charger Station, 24-Port Multi-Device Charging Hub, White and Blue, Oval Shape",https://m.media-amazon.com/images/I/51AYPxCoQ1L._AC_SL1500_.jpg,https://m.media-amazon.com/images/I/61IoWI1cmyL._AC_SL1500_.jpg,https://m.media-amazon.com/images/I/51gD0uMM7YL._AC_SL1500_.jpg,
usb-numeric-keypad-with-19-keys-wired-number-pad-for-data-entry-black-and-silver,"USB Numeric Keypad with 19 Keys, Wired Number Pad for Data Entry, Black and Silver",https://m.media-amazon.com/images/I/315RQTOqMDL._AC_.jpg,https://m.media-amazon.com/images/I/317F4zFIM1L._AC_.jpg,https://m.media-amazon.com/images/I/31uWJ9V6-RL._AC_.jpg,
usb-c-hub-space-grey-4-port-usb-30-adapter-slim-aluminum-design,"USB-C Hub, Space Grey, 4-Port USB 3.0 Adapter, Slim Aluminum Design",https://m.media-amazon.com/images/I/31wfGYkxymL._AC_.jpg,https://m.media-amazon.com/images/I/417UD7rl3OL._AC_.jpg,,
vacuum-flask-set-with-3-cups-stainless-steel-grey-insulated-thermos-bottle-trave,"Vacuum Flask Set with 3 Cups, Stainless Steel, Grey, Insulated Thermos Bottle, Travel Drinkware",https://m.media-amazon.com/images/I/41N9EgLhuPL._AC_.jpg,https://m.media-amazon.com/images/I/6150rec8ByL._AC_.jpg,https://m.media-amazon.com/images/I/51CMcK-esPL._AC_.jpg,
w590-multi-functional-search-light-with-tripod-stand,W590 Multi-Functional Search Light with Tripod Stand,https://m.media-amazon.com/images/I/41mcEg1jxbL._AC_.jpg,https://m.media-amazon.com/images/I/51+8bIdiShL._AC_SL1200_.jpg,https://m.media-amazon.com/images/I/61sJVStdOdL._AC_SL1200_.jpg,
wash-wax-car-shampoo-with-carnauba-wax-cleans-shines-and-protects-ph-neutral-450,"Wash & Wax Car Shampoo with Carnauba Wax, Cleans, Shines and Protects, pH Neutral, 450ml",https://m.media-amazon.com/images/I/61iRxMYS8-L._AC_SL1200_.jpg,https://m.media-amazon.com/images/I/61c8Q2K4R6L._AC_.jpg,,
wer-infrared-wireless-motion-detection-alarm-for-home-safety-and-storage-center-,WER INFRARED WIRELESS MOTION DETECTION ALARM FOR HOME SAFETY AND STORAGE CENTER - SET OF 2,https://m.media-amazon.com/images/I/51qapzJLFfL._AC_SL1200_.jpg,https://m.media-amazon.com/images/I/51CoqHwUvbL._AC_SL1200_.jpg,https://m.media-amazon.com/images/I/71499IHShfL._AC_SL1500_.jpg,
wifi-repeater-range-extender-for-wlan-network-300mbps-white-and-black,"WiFi Repeater, Range Extender for WLAN Network, 300Mbps, White and Black",https://m.media-amazon.com/images/I/41BM2JRjrnL._AC_.jpg,https://m.media-amazon.com/images/I/411VwVewd-L._AC_.jpg,https://m.media-amazon.com/images/I/51VMEqp4crL._AC_.jpg,
wire-ferrule-crimping-tool-kit-ferrule-crimper-plier,WIRE FERRULE CRIMPING TOOL KIT FERRULE CRIMPER PLIER,https://m.media-amazon.com/images/I/71IlO3UaDIL._AC_SL1173_.jpg,,,
wireless-24ghz-keyboard-and-mouse-suite-wb-8068,WIRELESS 2.4Ghz KEYBOARD AND MOUSE SUITE WB-8068,https://m.media-amazon.com/images/I/611IBdbJ43L._AC_SL1500_.jpg,https://m.media-amazon.com/images/I/71bcc1sS7yL._AC_SL1500_.jpg,,
wireless-home-security-alarm-system-kit-with-gsm-module-motion-sensor-door-senso,"Wireless Home Security Alarm System Kit with GSM Module, Motion Sensor, Door Sensor, 2 Remote Controls and Siren, White",https://ae-pic-a1.aliexpress-media.com/kf/HTB1.pz7hNrI8KJjy0Fpq6z5hVXaY.jpg_220x220q75.jpg_.avif,https://ae-pic-a1.aliexpress-media.com/kf/HTB1POQkhLDH8KJjy1Xcq6ApdXXad.jpg_220x220q75.jpg_.avif,https://ae-pic-a1.aliexpress-media.com/kf/S8a7e921c04604396a2914f08c4ab060cZ.jpg_220x220q75.jpg_.avif,
wireless-lavalier-microphone-with-intelligent-noise-reduction-dual-tx-transmitte,"Wireless Lavalier Microphone with Intelligent Noise Reduction, Dual TX Transmitters, compatible with Lightning, for Vlogging and Content Creation",https://m.media-amazon.com/images/I/61B4HPXrViL._AC_SY355_.jpg,https://m.media-amazon.com/images/I/51hEYSg1u1L._AC_SY355_.jpg,https://m.media-amazon.com/images/I/61Pd6E5hRhL._AC_SY355_.jpg,
wireless-ultra-thin-24g-keyboard-dock-and-mouse-suite-k-06,WIRELESS ULTRA-THIN 2.4G KEYBOARD DOCK AND MOUSE SUITE - K-06,https://m.media-amazon.com/images/I/51yYwtbK52L._AC_SL1200_.jpg,https://m.media-amazon.com/images/I/51sLp2vpJML._AC_.jpg,https://m.media-amazon.com/images/I/51kGN6EZliL._AC_SL1500_.jpg,
wood-grain-essential-oil-diffuser-ultrasonic-cool-mist-humidifier-dark-brown-dar,"Wood Grain Essential Oil Diffuser, Ultrasonic Cool Mist Humidifier, Dark Brown (DARK BROWN)",https://m.media-amazon.com/images/I/51tZChzthdL._AC_SL1001_.jpg,https://m.media-amazon.com/images/I/41zJzwwrymL._AC_.jpg,,
wooden-meat-tenderiser-hammer-with-steel-studs-kitchen-mallet-tool-set-of-2,"Wooden Meat Tenderiser Hammer with Steel Studs, Kitchen Mallet Tool, Set of 2",https://m.media-amazon.com/images/I/31Nlli9DELL._AC_.jpg,https://m.media-amazon.com/images/I/61n0mbtxODL._AC_SL1050_.jpg,https://m.media-amazon.com/images/I/81tI3UcYCiL._AC_SL1001_.jpg,
wooden-toothpicks-in-money-design-dispenser-10-pack-natural-wood-novelty-dollar-,"Wooden Toothpicks in Money Design Dispenser, 10 Pack, Natural Wood, Novelty Dollar Bill Theme",https://m.media-amazon.com/images/I/71Qjb+eezZL._AC_SL1500_.jpg,https://m.media-amazon.com/images/I/61T5x8E9+IL._AC_SL1000_.jpg,https://m.media-amazon.com/images/I/41Vgh4hAF8L._AC_.jpg,
x8-multifunction-wireless-car-mp3-music-player-fm-transmitter,X8 Multifunction wireless Car MP3 Music Player FM Transmitter,https://m.media-amazon.com/images/I/51uq4uVhBmL._AC_SL1280_.jpg,https://m.media-amazon.com/images/I/51b-UMVJ7YL._AC_SL1280_.jpg,https://m.media-amazon.com/images/I/61ILchB2XtL._AC_SL1280_.jpg,
xy-solar-interaction-rechargeable-wall-lamp,XY SOLAR INTERACTION RECHARGEABLE WALL LAMP,https://m.media-amazon.com/images/I/41SphdUHENL._AC_.jpg,,,
yoga-mat-exercise-fitness-mat-purple-blue-pink-non-slip-workout-mat-3-pack,"Yoga Mat, Exercise Fitness Mat, Purple Blue Pink, Non-Slip Workout Mat, 3 Pack",https://m.media-amazon.com/images/I/51tQvlQ+OkL._AC_.jpg,https://m.media-amazon.com/images/I/51L9oVeRp6L._AC_.jpg,https://m.media-amazon.com/images/I/51pwSDPgBZL._AC_.jpg,