slug,product_name,store_url,image_source_note
"2202-5w-mini-hair-clipper,""2202 5W Mini Hair Clipper"",https://www.aliexpress.com/item/1005002399669318.html,USB rechargeable LCD barber hair clipper - close match for mini 5W clipper type"
"450ml-non-corrosive-professional-car-paint-remover,""450ml Non-Corrosive Professional Car Paint Remover"",https://www.aliexpress.com/w/wholesale-car-paint-remover.html,AliExpress category page for car paint remover"
"a005-bluetooth-speaker,""A005 Bluetooth Speaker"",https://www.aliexpress.com/item/32960781748.html,Portable mini wireless Bluetooth speaker with LED"
"c15-25-1-80x80-thermal-receipt-paper-roll,""C15-25-1 80x80 Thermal Receipt Paper Roll"",https://www.aliexpress.com/item/1005005300899301.html,Factory wholesale 80x80mm POS thermal receipt paper roll"
"c15-25-19-foam-double-sided-mounting-tape-78cm,""C15-25-19 Foam Double-Sided Mounting Tape 7.8cm"",https://www.aliexpress.com/item/32964128654.html,Super strong foam double-sided mounting tape - shared with foam tape variants"
"c15-25-2-57x40-thermal-receipt-paper-roll,""C15-25-2 57x40 Thermal Receipt Paper Roll"",https://www.aliexpress.com/item/1005001375868875.html,Thermal paper 57x40mm POS printer roll"
"c15-25-20-foam-double-sided-mounting-tape-2pc-92cm,""C15-25-20 Foam Double-Sided Mounting Tape 2pc 9.2cm"",https://www.aliexpress.com/item/32964128654.html,Foam double-sided tape - shared with foam tape variants"
"c15-25-21-masking-tape-20m-x-45cm,""C15-25-21 Masking Tape 20m x 4.5cm"",https://www.aliexpress.com/item/33005300314.html,20M buff masking tape 45mm wide"
"c15-25-22-masking-tape-20m-x-24cm-narrow,""C15-25-22 Masking Tape 20m x 2.4cm Narrow"",https://www.aliexpress.com/item/4000061158094.html,12/18/24mm masking tape 20m - shared with masking tape variants"
"c15-25-23-nano-double-sided-tape-3m-x-18cm,""C15-25-23 Nano Double-Sided Tape 3m x 1.8cm"",https://www.aliexpress.com/item/1005002846775473.html,Nano silicone reusable double-sided tape - shared with nano tape variants"
"c15-25-24-nano-double-sided-mounting-tape-3m-x-3cm,""C15-25-24 Nano Double-Sided Mounting Tape 3m x 3cm"",https://www.aliexpress.com/item/1005002846775473.html,Nano double-sided tape - shared with nano tape variants"
"c15-25-3-50m-x-45cm-clear-packaging-tape,""C15-25-3 50m x 4.5cm Clear Packaging Tape"",https://www.aliexpress.com/item/32346103312.html,Clear packaging tape 4.5cm x 50m roll - shared with clear tape variants"
"c15-25-36-5500-price-label-gun,""C15-25-36 5500 Price Label Gun"",https://www.aliexpress.com/item/758583380.html,MX 5500 pricing gun tagging labeller"
"c15-25-37-price-label-sticker-roll-500-labels,""C15-25-37 Price Label Sticker Roll 500 Labels"",https://www.aliexpress.com/item/32278013015.html,10 roll x 500 tags for MX 5500 label gun"
"c15-25-38-sticky-tape-set-3-roll-with-dispenser,""C15-25-38 Sticky Tape Set 3-Roll with Dispenser"",https://www.aliexpress.com/item/32917724496.html,Desktop roll tape holder/dispenser set - shared with tape dispenser variants"
"c15-25-39-desktop-tape-dispenser-8808,""C15-25-39 Desktop Tape Dispenser 8808"",https://www.aliexpress.com/item/32917724496.html,Desktop tape dispenser organizer - shared with tape dispenser variants"
"c15-25-4-100m-x-45cm-clear-packaging-tape,""C15-25-4 100m x 4.5cm Clear Packaging Tape"",https://www.aliexpress.com/item/32346103312.html,Clear packaging tape 4.5cm wide - shared with clear tape variants"
"c15-25-40-plastic-tape-dispenser-48cm,""C15-25-40 Plastic Tape Dispenser 4.8cm"",https://www.aliexpress.com/item/32917724496.html,Plastic tape dispenser - shared with tape dispenser variants"
"c15-25-5-200m-x-45cm-clear-packaging-tape,""C15-25-5 200m x 4.5cm Clear Packaging Tape"",https://www.aliexpress.com/item/32346103312.html,Clear packaging tape roll - shared with clear tape variants"
"c15-25-6-300m-x-45cm-clear-packaging-tape,""C15-25-6 300m x 4.5cm Clear Packaging Tape"",https://www.aliexpress.com/item/32346103312.html,Clear packaging tape roll - shared with clear tape variants"
"c15-27-1-pm-2006-pearl-max-708-razor-handle-set,""C15-27-1 PM-2006 Pearl Max 708 Razor Handle Set"",https://www.aliexpress.com/item/4001240575057.html,Metal handle double-edge safety razor shaving set - shared with razor handle variants"
"c15-27-2-pm-2002-pearl-max-green-comfort-razor-set,""C15-27-2 PM-2002 Pearl Max Green Comfort Razor Set"",https://www.aliexpress.com/item/4001240575057.html,Metal handle safety razor set - shared with razor handle variants"
"c15-27-3-pm-2603b-pearl-max-rubber-handle-disposable-razor-8-pack,""C15-27-3 PM-2603B Pearl Max Rubber-Handle Disposable Razor 8-Pack"",https://www.aliexpress.com/item/32924143691.html,Twin-blade disposable razor pack - shared with disposable razor variants"
"c15-27-4-pm-3004b-pearl-max-seahorse-3-blade-disposable-razor-3-pack,""C15-27-4 PM-3004B Pearl Max Seahorse 3-Blade Disposable Razor 3-Pack"",https://www.aliexpress.com/item/32924143691.html,Disposable 3-blade razor pack - shared with disposable razor variants"
"c15-27-5-pmd-007-pearl-max-double-edge-razor-blades-100-pack,""C15-27-5 PMD-007 Pearl Max Double-Edge Razor Blades 100-Pack"",https://www.aliexpress.com/item/32614349438.html,Double edge safety razor blades 100 pack"
"c15-27-6-pm-2610b-pearl-max-twin-blade-disposable-razor-6-pack,""C15-27-6 PM-2610B Pearl Max Twin-Blade Disposable Razor 6-Pack"",https://www.aliexpress.com/item/32924143691.html,Twin-blade disposable razor 6-pack - shared with disposable razor variants"
"c15-32-3-ladies-square-shower-cap-for-curly-hair,""C15-32-3 Ladies Square Shower Cap for Curly Hair"",https://www.aliexpress.com/item/1005001553001878.html,Waterproof shower cap elastic bath hat for women"
"c15-32-4-bear-themed-kids-personal-care-pack-pink-blue,""C15-32-4 Bear-Themed Kids Personal Care Pack (Pink & Blue)"",https://www.aliexpress.com/item/32428467377.html,Kids personal care items - children care pack proxy"
"c15-34-1-lude-100g-black-shoe-polish,""C15-34-1 LUDE 100g Black Shoe Polish"",https://www.aliexpress.com/item/1005006026646058.html,100ml black shoe polish product"
"c15-34-2-lude-40g-neutral-shoe-polish,""C15-34-2 LUDE 40g Neutral Shoe Polish"",https://www.aliexpress.com/item/1888039810.html,Neutral shoe polish - shared with shoe polish variants"
"c15-34-7-qj804-plastic-soap-dish,""C15-34-7 QJ804 Plastic Soap Dish"",https://www.aliexpress.com/item/1005001342906491.html,Plastic soap dish draining holder tray - shared with soap dish variants"
"c15-34-8-bc120-lidded-plastic-soap-box,""C15-34-8 BC120 Lidded Plastic Soap Box"",https://www.aliexpress.com/item/1005001999932783.html,Travel portable sealed waterproof soap box with lid - shared with soap box variants"
"c15-34-9-bc124-plastic-soap-box-with-decorative-lid,""C15-34-9 BC124 Plastic Soap Box with Decorative Lid"",https://www.aliexpress.com/item/1005001999932783.html,Plastic soap box with decorative lid - shared with soap box variants"
"c15-43-1-basketball,""C15-43-1 Basketball"",https://www.aliexpress.com/item/1005006746583225.html,Original Psyche rubber basketball size 3/5/7 - shared with basketball variants"
"c15-43-10-flashing-spiky-ball,""C15-43-10 Flashing Spiky Ball"",https://www.aliexpress.com/item/32848695089.html,6-inch PVC inflatable sport toy ball - shared with toy ball variants"
"c15-43-10-whistle-24-pack,""C15-43-10 Whistle 24-Pack"",https://www.aliexpress.com/w/wholesale-whistle.html,AliExpress whistle category page"
"c15-43-12-watermelon-ball,""C15-43-12 Watermelon Ball"",https://www.aliexpress.com/item/32848695089.html,PVC inflatable novelty toy ball - shared with toy ball variants"
"c15-43-3-golf-style-football,""C15-43-3 Golf-Style Football"",https://www.aliexpress.com/item/32848695089.html,PVC sport ball - shared with football variants"
"c15-43-3-size-4-football,""C15-43-3 Size 4 Football"",https://www.aliexpress.com/item/32858962336.html,PVC size 4/5 rubber football - shared with football variants"
"c15-43-4-mini-football,""C15-43-4 Mini Football"",https://www.aliexpress.com/item/32908926042.html,Mini basketball/football indoor outdoor toy - shared with mini ball variants"
"c15-43-5-pvc-mini-football,""C15-43-5 PVC Mini Football"",https://www.aliexpress.com/item/32848695089.html,PVC inflatable mini football - shared with football variants"
"c15-43-6-pvc-football-plle,""C15-43-6 PVC Football PLLE"",https://www.aliexpress.com/item/32858962336.html,PVC football standard - shared with football variants"
"c15-43-7-rugby-football,""C15-43-7 Rugby Football"",https://www.aliexpress.com/item/1005005368888148.html,PVC inflatable rugby ball toy for children"
"c15-43-8-tennis-balls-pack,""C15-43-8 Tennis Balls Pack"",https://www.aliexpress.com/item/4000392362058.html,3 PCS high quality elasticity tennis balls for training"
"c15-43-9-bouncy-ball-7cm,""C15-43-9 Bouncy Ball 7cm"",https://www.aliexpress.com/item/32894358785.html,Inflatable rubber bouncy ball 7cm children toy"
"c16-43-19-flower-basketball,""C16-43-19 Flower Basketball"",https://www.aliexpress.com/item/1005006746583225.html,Rubber basketball decorative print - shared with basketball variants"
"c16-43-20-new-style-basketball,""C16-43-20 New Style Basketball"",https://www.aliexpress.com/item/1005009021838099.html,Kuangmi cat series basketball size 5/6/7 - shared with basketball variants"
"c16-43-21-basketball-needle,""C16-43-21 Basketball Needle"",https://www.aliexpress.com/item/4000115243533.html,Mini ball pump needle inflating valve accessory"
"c16-43-9-football,""C16-43-9 Football"",https://www.aliexpress.com/item/32858962336.html,Agnite PVC standard football - shared with football variants"
"charge-mini3-bluetooth-speaker,""Charge Mini3 Bluetooth Speaker"",https://www.aliexpress.com/item/32855473552.html,Portable Bluetooth speaker with FM radio TF USB - shared with Bluetooth speaker variants"
"cv307n-football,""CV307N Football"",https://www.aliexpress.com/item/32858962336.html,PVC standard football - shared with football variants"
"d7500-large-mouth-nail-card,""D7500 Large-Mouth Nail Card"",https://www.aliexpress.com/w/wholesale-nail-display-card.html,AliExpress nail display card category"
"gf588-hair-clipper,""GF588 Hair Clipper"",https://www.aliexpress.com/item/1005002399669318.html,USB rechargeable hair clipper machine - shared with hair clipper variants"
"gold-copper-styling-comb,""Gold Copper Styling Comb"",https://www.aliexpress.com/item/4001067223207.html,Pure copper comb head electric hair straightener comb"
"gw-professional-hair-clipper-with-lcd-display-4-guide-combs-usb-rechargeable-cle-1,""GW Professional Hair Clipper with LCD Display GW-9775"",https://www.aliexpress.com/item/1005002438090651.html,Professional USB rechargeable hair clipper with LED display"
"gw-002-hair-straightener,""GW-002 Hair Straightener"",https://www.aliexpress.com/item/1005001459233351.html,Ultra-thin ceramic hair straightener flat iron - shared with hair straightener variants"
"gw-128g-memory-card,""GW-128G Memory Card"",https://www.aliexpress.com/item/32690158317.html,Micro SD 128GB Class 10 memory card - shared with memory card variants"
"gw-16g-memory-card,""GW-16G Memory Card"",https://www.aliexpress.com/item/32690158317.html,Micro SD 16GB Class 10 memory card - shared with memory card variants"
"gw-170-128g-usb-flash-drive,""GW-170 128G USB Flash Drive"",https://www.aliexpress.com/item/1005005339858084.html,USB 3.0 high speed flash drive 128GB - shared with USB drive variants"
"gw-170-16g-usb-flash-drive,""GW-170 16G USB Flash Drive"",https://www.aliexpress.com/item/1005005339858084.html,USB flash drive 16GB - shared with USB drive variants"
"gw-170-2g-usb-flash-drive,""GW-170 2G USB Flash Drive"",https://www.aliexpress.com/item/1005005339858084.html,USB flash drive 2GB - shared with USB drive variants"
"gw-170-32g-usb-flash-drive,""GW-170 32G USB Flash Drive"",https://www.aliexpress.com/item/1005002688271411.html,32GB multicolor USB flash drive - shared with USB drive variants"
"gw-170-4g-usb-flash-drive,""GW-170 4G USB Flash Drive"",https://www.aliexpress.com/item/1005005339858084.html,USB flash drive 4GB - shared with USB drive variants"
"gw-170-64g-usb-flash-drive,""GW-170 64G USB Flash Drive"",https://www.aliexpress.com/item/1005005339858084.html,USB flash drive 64GB - shared with USB drive variants"
"gw-170-8g-usb-flash-drive,""GW-170 8G USB Flash Drive"",https://www.aliexpress.com/item/1005005339858084.html,USB flash drive 8GB - shared with USB drive variants"
"gw-2215-hair-straightener,""GW-2215 Hair Straightener"",https://www.aliexpress.com/item/1005001459233351.html,Ceramic hair straightener flat iron - shared with hair straightener variants"
"gw-2g-memory-card,""GW-2G Memory Card"",https://www.aliexpress.com/item/32690158317.html,Micro SD 2GB memory card - shared with memory card variants"
"gw-32g-memory-card,""GW-32G Memory Card"",https://www.aliexpress.com/item/32690158317.html,Micro SD 32GB Class 10 memory card - shared with memory card variants"
"gw-4g-memory-card,""GW-4G Memory Card"",https://www.aliexpress.com/item/32690158317.html,Micro SD 4GB memory card - shared with memory card variants"
"gw-64g-memory-card,""GW-64G Memory Card"",https://www.aliexpress.com/item/32690158317.html,Micro SD 64GB Class 10 memory card - shared with memory card variants"
"gw-6568-hair-dryer-6000w,""GW-6568 Hair Dryer 6000W"",https://www.aliexpress.com/item/1005005818746788.html,3000-6000W professional salon hair dryer - shared with hair dryer variants"
"gw-6576-hair-dryer-6000w,""GW-6576 Hair Dryer 6000W"",https://www.aliexpress.com/item/1005005818746788.html,High power professional hair dryer - shared with hair dryer variants"
"gw-6650-hair-dryer-3000w,""GW-6650 Hair Dryer 3000W"",https://www.aliexpress.com/item/32812118864.html,Guowei GW 689 3000W hair dryer hot and cold function"
"gw-7622-styling-comb,""GW-7622 Styling Comb"",https://www.aliexpress.com/item/4001067223207.html,Electric copper comb head hair straightener - shared with styling comb variants"
"gw-7696-hair-straightener,""GW-7696 Hair Straightener"",https://www.aliexpress.com/item/1005001459233351.html,Ceramic hair straightener - shared with hair straightener variants"
"gw-8g-memory-card,""GW-8G Memory Card"",https://www.aliexpress.com/item/32690158317.html,Micro SD 8GB memory card - shared with memory card variants"
"gw-9736-hair-clipper,""GW-9736 Hair Clipper"",https://www.aliexpress.com/item/1005002438090651.html,Professional USB rechargeable hair clipper LCD display - shared with clipper variants"
"gw-9775-hair-clipper,""GW-9775 Hair Clipper"",https://www.aliexpress.com/item/1005002438090651.html,Professional USB rechargeable hair clipper LCD display"
"gw-9781-gold-hair-clipper,""GW-9781 Gold Hair Clipper"",https://www.aliexpress.com/item/4001126332661.html,Kemei full metal gold hair clipper LCD monitor USB"
"gw-9862-coloured-hair-clipper,""GW-9862 Coloured Hair Clipper"",https://www.aliexpress.com/item/1005004442776059.html,Transparent LCD digital display electric hair clipper"
"gw6558-3000w-hair-dryer,""GW6558 3000W Hair Dryer"",https://www.aliexpress.com/item/32812118864.html,3000W professional hair dryer - shared with hair dryer variants"
"gw7652-copper-styling-comb,""GW7652 Copper Styling Comb"",https://www.aliexpress.com/item/4001067223207.html,Pure copper comb head electric styling comb"
"gw7669-hair-straightener-comb,""GW7669 Hair Straightener Comb"",https://www.aliexpress.com/item/4000469740651.html,Heating comb straightener electric hot comb flat iron"
"hf-f3-solar-bluetooth-speaker,""HF-F3 Solar Bluetooth Speaker"",https://www.aliexpress.com/item/32766596044.html,Solar-powered portable wireless Bluetooth speaker IPX4 waterproof"
"hf-f81-solar-bluetooth-speaker,""HF-F81 Solar Bluetooth Speaker"",https://www.aliexpress.com/item/1005004038340829.html,Multifunctional Bluetooth speaker hand crank solar radio"
"pluse5-bluetooth-speaker,""PLUSE5 Bluetooth Speaker"",https://www.aliexpress.com/item/32855473552.html,Portable wireless Bluetooth speaker - shared with Bluetooth speaker variants"
"rs8801-football,""RS8801 Football"",https://www.aliexpress.com/item/32858962336.html,PVC standard football - shared with football variants"
"stainless-steel-putty-knife-set-ergonomic-non-slip-225mm-handle-length-available,""Stainless Steel Putty Knife Set"",https://www.aliexpress.com/item/1005002752336484.html,Stainless steel scraper/putty knife set"
"t9-professional-hair-clipper,""T9 Professional Hair Clipper"",https://www.aliexpress.com/item/1005002438090651.html,Professional hair clipper with LCD display USB rechargeable - shared with clipper variants"
"vbt0812-hair-clipper,""VBT0812 Hair Clipper"",https://www.aliexpress.com/item/1005002399669318.html,USB rechargeable hair clipper barber machine - shared with clipper variants"
"vbt0813-hair-clipper,""VBT0813 Hair Clipper"",https://www.aliexpress.com/item/1005002399669318.html,USB rechargeable hair clipper - shared with clipper variants"
"vintage-t9-hair-clipper,""Vintage T9 Hair Clipper"",https://www.aliexpress.com/item/1005002399669318.html,Barber USB rechargeable clipper - shared with clipper variants"
"wg-662-hair-dryer-1000w,""WG-662 Hair Dryer 1000W"",https://www.aliexpress.com/item/4000354639055.html,2000W professional hair dryer hot cold wind - closest wattage match"
"1-42-blister-pack-vehicle-headlight-bulb,""1-42 Blister Pack Vehicle Headlight Bulb"",https://www.aliexpress.com/item/32642236592.html,T10 W5W LED vehicle park/headlight bulb - shared with vehicle bulb variants"
"1-43-blister-pack-vehicle-headlight-bulb,""1-43 Blister Pack Vehicle Headlight Bulb"",https://www.aliexpress.com/item/32642236592.html,T10 W5W LED vehicle bulb - shared with vehicle bulb variants"
"c103-77-18-led-drl-strip-light,""C103-77-18 LED DRL Strip Light"",https://www.aliexpress.com/item/1005002401035192.html,Flexible LED DRL daytime running light strip 12V"
"c103-77-5-vehicle-park-light-bulb,""C103-77-5 Vehicle Park Light Bulb"",https://www.aliexpress.com/item/32642236592.html,T10 W5W LED park light bulb 12V - shared with park bulb variants"
"c15-25-25-6-piece-tubeless-tyre-repair-kit,""C15-25-25 6-Piece Tubeless Tyre Repair Kit"",https://www.aliexpress.com/item/32808973559.html,6-piece tubeless tyre puncture plug repair kit"
"c5-1-48-vehicle-park-light-bulb,""C5-1-48 Vehicle Park Light Bulb"",https://www.aliexpress.com/item/32649423932.html,T10 W5W LED park light bulb silicone shell - shared with park bulb variants"
"c5-1-49-vehicle-park-light-bulb,""C5-1-49 Vehicle Park Light Bulb"",https://www.aliexpress.com/item/32649423932.html,T10 LED park light bulb - shared with park bulb variants"
"c5-1-50-vehicle-park-light-bulb,""C5-1-50 Vehicle Park Light Bulb"",https://www.aliexpress.com/item/32649423932.html,T10 LED park light bulb - shared with park bulb variants"
"c5-1-58-daytime-running-light-drl,""C5-1-58 Daytime Running Light (DRL)"",https://www.aliexpress.com/item/1005002401035192.html,LED DRL flexible strip daytime running light - shared with DRL variants"
"c5-1-59-daytime-running-light-drl,""C5-1-59 Daytime Running Light (DRL)"",https://www.aliexpress.com/item/1005002401035192.html,LED DRL strip light 12V - shared with DRL variants"
"c5-1-60-daytime-running-light-drl,""C5-1-60 Daytime Running Light (DRL)"",https://www.aliexpress.com/item/1005002401035192.html,LED DRL strip - shared with DRL variants"
"car-light-3-led-auxiliary,""Car Light 3-LED Auxiliary"",https://www.aliexpress.com/item/32799556327.html,LED work bar light auxiliary for car - shared with auxiliary light variants"
"car-light-35-inch-round-led,""Car Light 3.5-Inch Round LED"",https://www.aliexpress.com/item/32783788807.html,Round LED driving spotlight 4.7 inch - closest round LED light match"
"car-light-4-inch-round-led,""Car Light 4-Inch Round LED"",https://www.aliexpress.com/item/32783788807.html,4.7-inch round cannon LED driving light - shared with round LED variants"
"car-light-4-led-auxiliary,""Car Light 4-LED Auxiliary"",https://www.aliexpress.com/item/32799556327.html,18W LED work light bar auxiliary fog light - shared with auxiliary variants"
"car-light-7-inch-round-led,""Car Light 7-Inch Round LED"",https://www.aliexpress.com/item/32880593805.html,7-inch round 60W LED driving spot light with mount bracket"
"car-light-9-inch-round-led,""Car Light 9-Inch Round LED"",https://www.aliexpress.com/item/32897529452.html,90W 7/9-inch round LED off-road spot light - shared with round LED variants"
"cx1156-12-single-contact-brake-light-bulb-12-pack,""CX1156-12 Single-Contact Brake Light Bulb 12-Pack"",https://www.aliexpress.com/item/1494012496.html,1156 single-contact LED brake/reverse light bulb - shared with 1156 bulb variants"
"cx1156-144-single-contact-brake-light-bulb-144-pack,""CX1156-144 Single-Contact Brake Light Bulb 144-Pack"",https://www.aliexpress.com/item/1494012496.html,1156 BA15S LED brake light bulb - shared with 1156 bulb variants"
"cx1156-3-single-contact-brake-light-bulb-3-pack,""CX1156-3 Single-Contact Brake Light Bulb 3-Pack"",https://www.aliexpress.com/item/32417334948.html,1156 BA15S 5050 SMD LED brake light bulb - shared with 1156 bulb variants"
"cx1157-12-dual-contact-brake-light-bulb-12-pack,""CX1157-12 Dual-Contact Brake Light Bulb 12-Pack"",https://www.aliexpress.com/item/32417334948.html,1157 BAY15D dual-contact LED brake light bulb - shared with 1157 variants"
"cx1157-144-dual-contact-brake-light-bulb-144-pack,""CX1157-144 Dual-Contact Brake Light Bulb 144-Pack"",https://www.aliexpress.com/item/32417334948.html,1157 BAY15D LED brake light bulb - shared with 1157 variants"
"cx1157-3-dual-contact-brake-light-bulb-3-pack,""CX1157-3 Dual-Contact Brake Light Bulb 3-Pack"",https://www.aliexpress.com/item/32822244062.html,1157 BAY15D 5050 SMD LED brake/tail light bulb - shared with 1157 variants"
"cx98-47-vehicle-park-light-bulb,""CX98-47 Vehicle Park Light Bulb"",https://www.aliexpress.com/item/32649423932.html,T10 LED park light bulb - shared with park bulb variants"
"cx98-57-daytime-running-light-drl,""CX98-57 Daytime Running Light (DRL)"",https://www.aliexpress.com/item/33043606443.html,2x ultrafine DRL flexible LED strip 30-60cm - shared with DRL variants"
"cxt10-4014-24-t10-vehicle-park-light-bulb,""CXT10-4014-24 T10 Vehicle Park Light Bulb"",https://www.aliexpress.com/item/1005003151602343.html,Auxito 10pcs white T10 W5W LED parking lights - shared with T10 variants"
"cxt10-4014-30-t10-vehicle-park-light-bulb,""CXT10-4014-30 T10 Vehicle Park Light Bulb"",https://www.aliexpress.com/item/1005003151602343.html,T10 W5W LED bulb 24/30 SMD - shared with T10 variants"
"cxt5-2016-6-t5-vehicle-park-light-bulb,""CXT5-2016-6 T5 Vehicle Park Light Bulb"",https://www.aliexpress.com/item/32642236592.html,T5/T10 LED vehicle park light wedge bulb - shared with T5 park bulb variants"
"cxt5-2016-8-t5-vehicle-park-light-bulb,""CXT5-2016-8 T5 Vehicle Park Light Bulb"",https://www.aliexpress.com/item/32642236592.html,T5 LED park light bulb - shared with T5 park bulb variants"
"cxt5-2835-3-t5-vehicle-park-light-bulb,""CXT5-2835-3 T5 Vehicle Park Light Bulb"",https://www.aliexpress.com/item/32642236592.html,T5 2835 SMD LED park bulb - shared with T5 park bulb variants"
"cxt5-3014-2-t5-vehicle-park-light-bulb,""CXT5-3014-2 T5 Vehicle Park Light Bulb"",https://www.aliexpress.com/item/32642236592.html,T5 3014 SMD LED park bulb - shared with T5 park bulb variants"
"cxt5-3030-27-t5-vehicle-park-light-bulb,""CXT5-3030-27 T5 Vehicle Park Light Bulb"",https://www.aliexpress.com/item/32642236592.html,T5 3030 SMD LED park bulb - shared with T5 park bulb variants"
"cxt5-4014-7-t5-vehicle-park-light-bulb,""CXT5-4014-7 T5 Vehicle Park Light Bulb"",https://www.aliexpress.com/item/32642236592.html,T5 4014 SMD LED park bulb - shared with T5 park bulb variants"
"cxt5-5630-2-t5-vehicle-park-light-bulb,""CXT5-5630-2 T5 Vehicle Park Light Bulb"",https://www.aliexpress.com/item/32642236592.html,T5 5630 SMD LED park bulb - shared with T5 park bulb variants"
"g-124-car-phone-bracket,""G-124 Car Phone Bracket"",https://www.aliexpress.com/item/32952369216.html,Universal magnetic car phone holder windshield mount 360 rotatable - shared with car phone bracket variants"
"g-128-car-phone-bracket,""G-128 Car Phone Bracket"",https://www.aliexpress.com/item/1005003570905770.html,Super adsorption universal car phone holder mount dashboard windshield"
"na-24-vehicle-park-light-bulb,""NA-24 Vehicle Park Light Bulb"",https://www.aliexpress.com/item/32649423932.html,T10 W5W LED park bulb - shared with park bulb variants"
"na-46-vehicle-park-light-bulb,""NA-46 Vehicle Park Light Bulb"",https://www.aliexpress.com/item/32649423932.html,T10 W5W LED park bulb - shared with park bulb variants"
"na-49-daytime-running-light-drl,""NA-49 Daytime Running Light (DRL)"",https://www.aliexpress.com/item/1005003303517062.html,Car LED DRL daytime running light strip flexible - shared with DRL variants"
"na-65-vehicle-park-light-bulb,""NA-65 Vehicle Park Light Bulb"",https://www.aliexpress.com/item/32649423932.html,T10 LED park bulb - shared with park bulb variants"
"na-67-vehicle-park-light-bulb,""NA-67 Vehicle Park Light Bulb"",https://www.aliexpress.com/item/32649423932.html,LED park light bulb - shared with park bulb variants"
"na-73-round-daytime-running-light-drl,""NA-73 Round Daytime Running Light (DRL)"",https://www.aliexpress.com/item/4001175814102.html,2pcs car DRL multicolor RGB waterproof flexible headlight strip"
"na-82-vehicle-park-light-bulb,""NA-82 Vehicle Park Light Bulb"",https://www.aliexpress.com/item/32649423932.html,T10 W5W LED park bulb - shared with park bulb variants"
"na-85-31-vehicle-park-light-bulb,""NA-85-31 Vehicle Park Light Bulb"",https://www.aliexpress.com/item/32649423932.html,LED park bulb - shared with park bulb variants"
"na-85-39-vehicle-park-light-bulb,""NA-85-39 Vehicle Park Light Bulb"",https://www.aliexpress.com/item/32649423932.html,LED park bulb - shared with park bulb variants"
"ng-28-owl-decorative-vehicle-light,""NG-28 Owl Decorative Vehicle Light"",https://www.aliexpress.com/item/32873075298.html,Cartoon owl LED night light decorative lamp"
"c15-38-1-speaker-wire-2x10-50m-red-black,""C15-38-1 Speaker Wire 2x10 50M Red-Black"",https://www.aliexpress.com/item/3256803164568827.html,CANARE 2-core speaker cable oxygen-free copper - shared with speaker wire variants"
"c15-38-2-speaker-wire-2x03-100y-red-black,""C15-38-2 Speaker Wire 2x0.3 100Y Red-Black"",https://www.aliexpress.com/item/3256803164568827.html,2-core red-black speaker wire 100m roll - shared with speaker wire variants"
"c15-38-3-speaker-wire-2x03-100y-bulk,""C15-38-3 Speaker Wire 2x0.3 100Y Bulk"",https://www.aliexpress.com/item/3256803164568827.html,2-core speaker cable bulk roll - shared with speaker wire variants"
"gw-104a-usb-to-iphone-cable,""GW-104A USB to iPhone Cable"",https://www.aliexpress.com/item/32853962580.html,USB to Lightning nylon braid iPhone charging cable - shared with USB-Lightning variants"
"gw-104b-usb-to-type-c-cable,""GW-104B USB to Type-C Cable"",https://www.aliexpress.com/item/32950206829.html,Baseus USB Type-C charging cable quick charge - shared with USB-C variants"
"gw-104c-type-c-to-iphone-cable,""GW-104C Type-C to iPhone Cable"",https://www.aliexpress.com/item/1005006505041416.html,UGREEN USB-C to Lightning cable 100W fast charging - shared with C-to-Lightning variants"
"gw-104d-type-c-to-type-c-cable,""GW-104D Type-C to Type-C Cable"",https://www.aliexpress.com/item/32950206829.html,USB-C to USB-C cable fast charging - shared with C-to-C variants"
"gw-107a-usb-to-iphone-cable,""GW-107A USB to iPhone Cable"",https://www.aliexpress.com/item/32853962580.html,USB to Lightning iPhone cable nylon braided - shared with USB-Lightning variants"
"gw-107b-usb-to-type-c-cable,""GW-107B USB to Type-C Cable"",https://www.aliexpress.com/item/32950206829.html,USB to Type-C cable fast charge - shared with USB-C variants"
"gw-107c-type-c-to-iphone-cable,""GW-107C Type-C to iPhone Cable"",https://www.aliexpress.com/item/1005006505041416.html,Type-C to Lightning cable - shared with C-to-Lightning variants"
"gw-107d-type-c-to-type-c-cable,""GW-107D Type-C to Type-C Cable"",https://www.aliexpress.com/item/32950206829.html,Type-C to Type-C cable - shared with C-to-C variants"
"gw-151-3-in-1-charging-cable,""GW-151 3-in-1 Charging Cable"",https://www.aliexpress.com/item/1005001302936006.html,Hoco 3-in-1 USB cable Lightning Micro-USB Type-C"
"gw-180-3-in-1-charging-cable,""GW-180 3-in-1 Charging Cable"",https://www.aliexpress.com/item/32700972505.html,3-in-1 multi USB charger cable Lightning/Micro/Type-C - shared with 3-in-1 variants"
"gw-195a-usb-to-iphone-cable,""GW-195A USB to iPhone Cable"",https://www.aliexpress.com/item/32853962580.html,USB to Lightning cable - shared with USB-Lightning variants"
"gw-195b-usb-to-type-c-cable,""GW-195B USB to Type-C Cable"",https://www.aliexpress.com/item/32950206829.html,USB to Type-C cable - shared with USB-C variants"
"gw-195c-type-c-to-iphone-cable,""GW-195C Type-C to iPhone Cable"",https://www.aliexpress.com/item/1005006505041416.html,Type-C to Lightning cable - shared with C-to-Lightning variants"
"gw-195d-type-c-to-type-c-cable,""GW-195D Type-C to Type-C Cable"",https://www.aliexpress.com/item/32950206829.html,USB-C to USB-C cable - shared with C-to-C variants"
"g-119-usb-type-c-lightning-charger,""G-119 USB + Type-C + Lightning Charger"",https://www.aliexpress.com/item/32764220912.html,Multi-port USB wall charger adapter EU plug - shared with wall charger variants"
"gw-154-usb-charger,""GW-154 USB Charger"",https://www.aliexpress.com/item/1005001385687342.html,Vention USB fast wall charger 5V 2.4A EU adapter"
"gw-163-type-c-charger,""GW-163 Type-C Charger"",https://www.aliexpress.com/item/4000623838970.html,2-port USB-C Type-A 60W wall charger fast charging"
"rj-tianye-12v-intelligent-pulse-repair-charger-ng-146,""RJ TIANYE 12V INTELLIGENT PULSE REPAIR CHARGER -NG-146"",https://www.aliexpress.com/item/1005001566464981.html,Full automatic 12V/24V intelligent pulse repair battery charger"
"10cm-ashtray,""10cm Ashtray"",https://www.aliexpress.com/item/4000193818017.html,Round spinning stainless steel ashtray with cover - shared with ashtray variants"
"12cm-ashtray,""12cm Ashtray"",https://www.aliexpress.com/item/4000193818017.html,Round stainless steel ashtray 12cm - shared with ashtray variants"
"180-degree-clip-fan-220v,""180 Degree Clip Fan 220V"",https://www.aliexpress.com/item/4000822981548.html,220V 180 degree adjustable mini desktop clip-on fan"
"5-hole-air-cooler-fan,""5-Hole Air Cooler Fan"",https://www.aliexpress.com/item/1005003739833579.html,Portable water cooled evaporative air cooler desktop fan - shared with air cooler variants"
"6826a-mini-fan,""6826A Mini Fan"",https://www.aliexpress.com/item/33025979185.html,Hot portable mini handheld rechargeable USB fan - shared with mini fan variants"
"9l-air-conditioner-fan,""9L Air Conditioner Fan"",https://www.aliexpress.com/item/1005002165117770.html,USB portable air cooler fan desktop air conditioner 9L - shared with air cooler fan variants"
"a30-portable-air-cooler-9l,""A30 Portable Air Cooler 9L"",https://www.aliexpress.com/item/1005003739833579.html,Portable evaporative air cooler 9L desktop fan - shared with air cooler variants"
"air-conditioner-30l,""Air Conditioner 30L"",https://www.aliexpress.com/item/4001174769327.html,Air cooler fan USB mini portable air conditioner desktop"
"c15-20-1-duster-cloth,""C15-20-1 Duster Cloth"",https://www.aliexpress.com/w/wholesale-duster-cloth.html,AliExpress category page for duster cloth microfiber"
"c15-20-12-welcome-floor-mat,""C15-20-12 Welcome Floor Mat"",https://www.aliexpress.com/item/4000998372453.html,Extra large indoor outdoor welcome doormat non-slip"
"c15-20-13-english-text-floor-mat,""C15-20-13 English Text Floor Mat"",https://www.aliexpress.com/item/32967320046.html,English text welcome doormat rubber non-slip - shared with floor mat variants"
"c15-20-14-english-text-floor-mat-variant,""C15-20-14 English Text Floor Mat (variant)"",https://www.aliexpress.com/item/32967320046.html,English text floor mat variant - shared with floor mat variants"
"c15-20-2-large-duster-cloth,""C15-20-2 Large Duster Cloth"",https://www.aliexpress.com/w/wholesale-duster-cloth.html,AliExpress category page for large duster cloth"
"c15-20-3-clothes-hanger,""C15-20-3 Clothes Hanger"",https://www.aliexpress.com/w/wholesale-clothes-hanger.html,AliExpress category page for plastic clothes hanger"
"c15-20-4-large-clothes-hanger,""C15-20-4 Large Clothes Hanger"",https://www.aliexpress.com/w/wholesale-clothes-hanger.html,AliExpress category for large clothes hanger"
"c15-20-7-toilet-brush-with-holder,""C15-20-7 Toilet Brush with Holder"",https://www.aliexpress.com/item/634185288.html,Flexible cleaning toilet brush with holder"
"c15-20-8-scouring-ball,""C15-20-8 Scouring Ball"",https://www.aliexpress.com/w/wholesale-scouring-ball.html,AliExpress scouring ball/steel wool category"
"c15-24-11-dorco-kids-toothbrush-pack,""C15-24-11 Dorco Kid's Toothbrush Pack"",https://www.aliexpress.com/item/32428467377.html,Children soft bristle toothbrush pack - shared with kids toothbrush variants"
"c15-24-12-alan-childrens-toothbrush-12-pack,""C15-24-12 Alan Children's Toothbrush 12-Pack"",https://www.aliexpress.com/item/1878257855.html,12pcs soft bristle children toothbrush pack - shared with toothbrush 12-pack variants"
"c15-24-2-12-pack-toothbrush-good-corona,""C15-24-2 12-Pack Toothbrush Good Corona"",https://www.aliexpress.com/item/1878257855.html,12-piece soft toothbrush pack - shared with 12-pack toothbrush variants"
"c15-24-4-12-pack-abao-toothbrush,""C15-24-4 12-Pack Abao Toothbrush"",https://www.aliexpress.com/item/1878257855.html,12-pack soft bristle toothbrush - shared with 12-pack toothbrush variants"
"c15-24-42-electric-mosquito-liquid-set-with-2-refills-0482-b2,""C15-24-42 Electric Mosquito Liquid Set with 2 Refills"",https://www.aliexpress.com/item/1005005830707236.html,Portable electric mosquito repellent USB with tablet refills"
"c15-24-6-30-pack-sanfeng-toothbrush,""C15-24-6 30-Pack Sanfeng Toothbrush"",https://www.aliexpress.com/item/1005009084096537.html,10/30-pack family toothbrush bamboo charcoal soft bristles"
"c15-25-10-paper-mosquito-coil,""C15-25-10 Paper Mosquito Coil"",https://www.aliexpress.com/item/4000810285056.html,Mosquito coil holder and coil set - shared with mosquito coil variants"
"c15-25-11-mosquito-coil-tray-plastic,""C15-25-11 Mosquito Coil Tray (Plastic)"",https://www.aliexpress.com/item/4000810285056.html,Anti-slip plastic mosquito coil holder round rack with cover"
"c15-25-12-mosquito-coil-tray-metal-decorative,""C15-25-12 Mosquito Coil Tray (Metal Decorative)"",https://www.aliexpress.com/item/4001217804368.html,Spiral iron mosquito coil frame incense rack metal decorative"
"c15-25-13-blue-toilet-bubble-cleaner-4-pack,""C15-25-13 Blue Toilet Bubble Cleaner 4-Pack"",https://www.aliexpress.com/item/4001272282251.html,Blue bubble toilet cleaner magic automatic flush - shared with toilet cleaner variants"
"c15-25-14-blue-toilet-bubble-cleaner-2-pack,""C15-25-14 Blue Toilet Bubble Cleaner 2-Pack"",https://www.aliexpress.com/item/1005001447736960.html,3-month cleaning treasure blue bubble toilet cleaner - shared with toilet cleaner variants"
"c15-25-15-fly-glue-board,""C15-25-15 Fly Glue Board"",https://www.aliexpress.com/item/4000019445277.html,Mouse/fly glue board sticky trap non-toxic - shared with glue trap variants"
"c15-25-16-cockroach-killing-bait-powder,""C15-25-16 Cockroach Killing Bait Powder"",https://www.aliexpress.com/item/32898055645.html,Roach killer effective cockroach kill bait powder"
"c15-25-17-ant-killing-bait-powder,""C15-25-17 Ant Killing Bait Powder"",https://www.aliexpress.com/item/32739640207.html,Kill cockroach drug ants medicine insecticide powder - shared with pest bait variants"
"c15-25-18-camphor-pearl-balls-100g,""C15-25-18 Camphor Pearl Balls 100g"",https://www.aliexpress.com/w/wholesale-camphor-balls.html,AliExpress camphor moth balls category"
"c15-25-41-fly-catch-trap-ribbons-4-pack,""C15-25-41 Fly Catch Trap Ribbons 4-Pack"",https://www.aliexpress.com/item/4000019445277.html,Sticky fly catch trap board/ribbon - shared with sticky trap variants"
"c15-25-42-dual-use-mosquito-coil-0482-b2-national-standard,""C15-25-42 Dual-Use Mosquito Coil"",https://www.aliexpress.com/item/4000810285056.html,Mosquito coil with tray holder set - shared with mosquito coil variants"
"c15-25-43-electric-mosquito-liquid-set-with-1-refill-482-b1,""C15-25-43 Electric Mosquito Liquid Set with 1 Refill"",https://www.aliexpress.com/item/1005005830707236.html,Electric mosquito repellent plug-in set with refill - shared with repellent variants"
"c15-25-44-mosquito-repellent-liquid-refill-2540,""C15-25-44 Mosquito Repellent Liquid Refill"",https://www.aliexpress.com/item/1005004038026289.html,45ML mosquito repellent liquid refill for electric device"
"c15-25-45-electric-mosquito-liquid-refill-60-nights,""C15-25-45 Electric Mosquito Liquid Refill 60 Nights"",https://www.aliexpress.com/item/1005004038026289.html,Electric mosquito repellent liquid refill 60 nights - shared with refill variants"
"c15-25-7-mouse-rat-glue-trap-board-70g,""C15-25-7 Mouse & Rat Glue Trap Board 70g"",https://www.aliexpress.com/item/32881839818.html,Mice trap rat trap glue board sticky mouse non-toxic"
"c15-25-8-ct-large-mosquito-coil,""C15-25-8 CT Large Mosquito Coil"",https://www.aliexpress.com/item/4000810285056.html,Large mosquito coil with tray - shared with mosquito coil variants"
"c15-25-9-ct-small-mosquito-coil,""C15-25-9 CT Small Mosquito Coil"",https://www.aliexpress.com/item/4000810285056.html,Small mosquito coil - shared with mosquito coil variants"
"c15-32-1-yaodongbang-fresh-scented-cleaning-wipes,""C15-32-1 Yaodongbang Fresh-Scented Cleaning Wipes"",https://www.aliexpress.com/item/4000844301742.html,80-pack disinfectant antiseptic wet wipes cleaning tissue"
"c15-32-2-baby-tender-baby-wipes,""C15-32-2 Baby Tender Baby Wipes"",https://www.aliexpress.com/item/4001161785494.html,Naive Babe 80-pack baby wipes with lid non-irritating"
"c15-34-10-xyj-30-stainless-steel-clothes-pegs-30-pack,""C15-34-10 XYJ-30 Stainless Steel Clothes Pegs 30-Pack"",https://www.aliexpress.com/item/4000172175153.html,100pcs stainless steel clothes pegs clips for laundry drying"
"c15-34-11-cy12cm-stainless-steel-clothes-clips,""C15-34-11 CY12CM Stainless Steel Clothes Clips"",https://www.aliexpress.com/item/32818666474.html,Stainless steel clothes pegs big size beach towel clips"
"c15-34-3-g428-flat-plastic-scrubbing-brush,""C15-34-3 G428 Flat Plastic Scrubbing Brush"",https://www.aliexpress.com/item/32933258116.html,Hand-held wooden/plastic dish brush scrubbing brush - shared with scrubbing brush variants"
"c15-34-4-g400-plastic-household-brush,""C15-34-4 G400 Plastic Household Brush"",https://www.aliexpress.com/item/32969316484.html,Long handle plastic household cleaning brush broom"
"c15-34-5-t428-wooden-scrubbing-brush,""C15-34-5 T428 Wooden Scrubbing Brush"",https://www.aliexpress.com/item/32933258116.html,Hand-held wooden scrubbing brush kitchen cleaner - shared with wooden brush variants"
"c15-34-6-small-400-compact-wooden-brush,""C15-34-6 Small 400 Compact Wooden Brush"",https://www.aliexpress.com/item/32933258116.html,Compact wooden cleaning brush - shared with wooden brush variants"
"c15-42-60-branch-pruning-scissors,""C15-42-60 Branch Pruning Scissors"",https://www.aliexpress.com/item/32734526903.html,17cm garden scissor hand pruner branch shear secateur"
"dd5007m11-mini-fan,""DD5007(M11) Mini Fan"",https://www.aliexpress.com/item/33025979185.html,Portable mini handheld rechargeable USB desk fan - shared with mini fan variants"
"fp1528b-mini-fan,""FP1528B Mini Fan"",https://www.aliexpress.com/item/1005002358222824.html,Handheld mini air cooler portable USB fan - shared with mini fan variants"
"fq1522-mini-fan,""FQ1522 Mini Fan"",https://www.aliexpress.com/item/33025979185.html,Portable mini handheld USB desk fan - shared with mini fan variants"
"h09-humidifier,""H09 Humidifier"",https://www.aliexpress.com/item/32869641402.html,Mini USB air humidifier portable ultrasonic mist maker with LED"
"hk59-mini-fan,""HK59 Mini Fan"",https://www.aliexpress.com/item/33025979185.html,Portable mini handheld rechargeable fan - shared with mini fan variants"
"hk59-20a-mini-fan,""HK59-20A Mini Fan"",https://www.aliexpress.com/item/33025979185.html,Mini handheld USB fan - shared with mini fan variants"
"hk59-21b-mini-fan,""HK59-21B Mini Fan"",https://www.aliexpress.com/item/33025979185.html,Mini handheld USB fan - shared with mini fan variants"
"hx-z1-mini-fan,""HX-Z1 Mini Fan"",https://www.aliexpress.com/item/33025979185.html,Mini handheld portable rechargeable USB fan - shared with mini fan variants"
"hx103-mini-fan,""HX103 Mini Fan"",https://www.aliexpress.com/item/1005002358222824.html,Handheld mini USB cooling fan - shared with mini fan variants"
"jb103-mini-fan,""JB103 Mini Fan"",https://www.aliexpress.com/item/1005002358222824.html,Mini air cooler portable USB fan - shared with mini fan variants"
"jl8818-mini-fan,""JL8818 Mini Fan"",https://www.aliexpress.com/item/33025979185.html,Mini handheld fan portable rechargeable USB - shared with mini fan variants"
"lp501-mini-fan,""LP501 Mini Fan"",https://www.aliexpress.com/item/33025979185.html,Portable mini handheld USB fan - shared with mini fan variants"
"lp5101-mini-fan,""LP5101 Mini Fan"",https://www.aliexpress.com/item/33025979185.html,Mini fan portable - shared with mini fan variants"
"lp512-mini-fan,""LP512 Mini Fan"",https://www.aliexpress.com/item/33025979185.html,Mini portable rechargeable USB fan - shared with mini fan variants"
"lp551-mini-fan,""LP551 Mini Fan"",https://www.aliexpress.com/item/33025979185.html,Mini handheld USB pocket fan - shared with mini fan variants"
"mini139-mini-fan,""MINI139 Mini Fan"",https://www.aliexpress.com/item/1005004072004922.html,TikTok mini personal portable USB rechargeable handheld fan"
"mj127-mini-fan,""MJ127 Mini Fan"",https://www.aliexpress.com/item/33025979185.html,Mini portable handheld fan - shared with mini fan variants"
"oversize-handheld-mini-fan,""Oversize Handheld Mini Fan"",https://www.aliexpress.com/item/32894613470.html,4000mAh rechargeable USB handheld mini fan large"
"sk59-mini-fan,""SK59 Mini Fan"",https://www.aliexpress.com/item/33025979185.html,Mini handheld USB fan - shared with mini fan variants"
"sq612-handheld-mini-fan,""SQ612 Handheld Mini Fan"",https://www.aliexpress.com/item/33025979185.html,Handheld mini fan portable - shared with mini fan variants"
"sq7777-mini-fan,""SQ7777 Mini Fan"",https://www.aliexpress.com/item/33025979185.html,Mini portable handheld fan - shared with mini fan variants"
"sq7777-2-mini-fan,""SQ7777-2 Mini Fan"",https://www.aliexpress.com/item/33025979185.html,Mini fan variant - shared with mini fan variants"
"zb088-mini-fan,""ZB088 Mini Fan"",https://www.aliexpress.com/item/1005002358222824.html,Handheld mini air cooler portable USB fan - shared with mini fan variants"
"zb088b-mini-fan,""ZB088B Mini Fan"",https://www.aliexpress.com/item/1005002358222824.html,Mini portable USB cooling fan - shared with mini fan variants"
"0130-10-32cm-granite-wok,""0130-10 32cm Granite Wok"",https://www.aliexpress.com/item/1005002084417156.html,316 stainless steel non-stick granite wok 30/32/34cm"
"0130-11-gold-line-10-piece-cookware-set,""0130-11 Gold Line 10-Piece Cookware Set"",https://www.aliexpress.com/item/1005005920177028.html,13-piece non-stick pots and pans cookware set - shared with cookware set variants"
"0130-12-4-piece-diamond-soup-pot-set,""0130-12 4-Piece Diamond Soup Pot Set"",https://www.aliexpress.com/item/32848979560.html,3-piece cookware pot set non-stick flat bottom - shared with pot set variants"
"0130-13-6-piece-stainless-steel-pot-set,""0130-13 6-Piece Stainless Steel Pot Set"",https://www.aliexpress.com/item/4001274132203.html,Stainless steel wok/pot set cookware - shared with SS pot set variants"
"0130-14-export-10-piece-gold-handle-cookware-set,""0130-14 Export 10-Piece Gold Handle Cookware Set"",https://www.aliexpress.com/item/1005005920177028.html,Non-stick cookware set gold handle - shared with cookware set variants"
"0130-15-colorful-13-piece-cookware-set,""0130-15 Colorful 13-Piece Cookware Set"",https://www.aliexpress.com/item/1005005986456813.html,13-piece foreign trade non-stick cookware set colorful"
"0130-16-13-piece-non-stick-cookware-set,""0130-16 13-Piece Non-Stick Cookware Set"",https://www.aliexpress.com/item/1005002933176145.html,13-piece non-stick granite cookware set induction base"
"0130-17-6-piece-iron-soup-pot-set,""0130-17 6-Piece Iron Soup Pot Set"",https://www.aliexpress.com/item/32870109613.html,Refined cast iron wok/pot thickened flat bottom cooking"
"0130-7-13-piece-non-stick-pot-set,""0130-7 13-Piece Non-Stick Pot Set"",https://www.aliexpress.com/item/1005002933176145.html,13-piece non-stick cookware pot set - shared with cookware set variants"
"0130-8-8-piece-marble-soup-pot-set,""0130-8 8-Piece Marble Soup Pot Set"",https://www.aliexpress.com/item/1005004207314259.html,Aluminum non-stick granite marble cookware set"
"0130-9-32cm-stainless-steel-wok,""0130-9 32cm Stainless Steel Wok"",https://www.aliexpress.com/item/4001274132203.html,32cm stainless steel wok Chinese cooking pot"
"0144-13-scf-silver-knife-6-pack,""0144-13 SCF Silver Knife 6-Pack"",https://www.aliexpress.com/item/32915217670.html,6-piece stainless steel kitchen knife set - shared with knife set variants"
"0144-14-scf-gold-knife-6-pack,""0144-14 SCF Gold Knife 6-Pack"",https://www.aliexpress.com/item/32382534011.html,6-piece colorful stainless steel kitchen knives gold set"
"20cm-wood-handle-strainer,""20cm Wood Handle Strainer"",https://www.aliexpress.com/item/32828524320.html,Stainless steel kitchen strainer/drainer with handle - shared with strainer variants"
"22-6-piece-knife-box-set,""22# 6-Piece Knife Box Set"",https://www.aliexpress.com/item/4001084286884.html,Hausroland 6pcs kitchen knife set with box"
"25cm-wire-mesh-basket,""25cm Wire Mesh Basket"",https://www.aliexpress.com/item/4000262275287.html,Foldable kitchen wire mesh strainer/basket stainless steel"
"3-piece-two-colour-knife-set,""3-Piece Two-Colour Knife Set"",https://www.aliexpress.com/item/32915217670.html,3-piece stainless steel kitchen knife set two-colour"
"8269s2-4-sided-grater-9-inch,""8269S2 4-Sided Grater 9-Inch"",https://www.aliexpress.com/item/1005002752336484.html,Stainless steel 4-sided box grater for kitchen"
"8359s2-6-sided-grater-9-inch,""8359S2 6-Sided Grater 9-Inch"",https://www.aliexpress.com/item/32839224296.html,Vegetable slicer stainless steel box grater 6-sided"
"a16-portable-juicer,""A16 Portable Juicer"",https://www.aliexpress.com/item/1005003440388859.html,Portable mini electric juicer USB rechargeable blender"
"ajm8853-vegetable-grater,""AJM8853 Vegetable Grater"",https://www.aliexpress.com/item/1005002787613220.html,Multi-purpose stainless steel vegetable slicer grater cutter - shared with grater variants"
"bm-plastic-edge-round-grater,""BM Plastic-Edge Round Grater"",https://www.aliexpress.com/item/1005002752336484.html,Multipurpose stainless steel grater with plastic edge"
"c-110-plastic-handle-cleaver,""C-110 Plastic Handle Cleaver"",https://www.aliexpress.com/item/32915217670.html,Stainless steel cleaver with plastic/ABS handle - shared with cleaver variants"
"c15-20-10-bamboo-skewers-15cm,""C15-20-10 Bamboo Skewers 15cm"",https://www.aliexpress.com/item/4000110906665.html,18cm square bamboo skewers BBQ sticks - shared with bamboo skewer variants"
"c15-20-11-bamboo-skewers-30cm,""C15-20-11 Bamboo Skewers 30cm"",https://www.aliexpress.com/item/4000493160310.html,500pcs thick bamboo skewer sticks 30cm BBQ"
"c15-20-9-bamboo-skewers-20cm,""C15-20-9 Bamboo Skewers 20cm"",https://www.aliexpress.com/item/32870077563.html,100pcs bamboo skewers 20cm BBQ natural wood sticks"
"c15-42-16-jia-yuan-2-piece-knife-sharpening-rod,""C15-42-16 Jia Yuan 2-Piece Knife + Sharpening Rod"",https://www.aliexpress.com/item/32734526903.html,Knife and sharpening rod set - shared with knife+sharpener variants"
"c15-42-17-ld11-1-8-inch-chef-knife,""C15-42-17 LD11-1 8-Inch Chef Knife"",https://www.aliexpress.com/item/32884466796.html,XYj 6-piece stainless steel chef knife set - shared with chef knife variants"
"c15-42-19-ld-11-5k-75-inch-round-hole-knife,""C15-42-19 LD-11-5K 7.5-Inch Round-Hole Knife"",https://www.aliexpress.com/item/32915217670.html,Stainless steel kitchen knife with round hole design"
"c15-42-2-jy-k34-3-piece-knife-set,""C15-42-2 JY-K34 3-Piece Knife Set"",https://www.aliexpress.com/item/32915217670.html,3-piece stainless steel knife set kitchen - shared with 3-piece knife variants"
"c15-42-20-ld11-6-75-inch-flat-cleaver,""C15-42-20 LD11-6 7.5-Inch Flat Cleaver"",https://www.aliexpress.com/item/32915217670.html,Stainless steel flat cleaver 7.5 inch - shared with cleaver variants"
"c15-42-21-stainless-steel-oil-grid-3-piece,""C15-42-21 Stainless Steel Oil Grid 3-Piece"",https://www.aliexpress.com/item/32828524320.html,Stainless steel kitchen grid/strainer 3-piece set"
"c15-42-24-steak-knife-set-j622-6-piece,""C15-42-24 Steak Knife Set J622 6-Piece"",https://www.aliexpress.com/item/1005004233348970.html,German steel steak knife set 6-piece serrated"
"c15-42-28-stainless-steel-wire-grater,""C15-42-28 Stainless Steel Wire Grater"",https://www.aliexpress.com/item/1005002752336484.html,Stainless steel multipurpose wire grater - shared with grater variants"
"c15-42-32-9-inch-square-heart-clip,""C15-42-32 9-Inch Square Heart Clip"",https://www.aliexpress.com/w/wholesale-food-clip-tongs.html,AliExpress category for kitchen food tongs/clips"
"c15-42-34-scraper-blade,""C15-42-34 Scraper Blade"",https://www.aliexpress.com/item/32810041226.html,Plastic scraper cleaning blade tool"
"c15-42-35-bottle-opener,""C15-42-35 Bottle Opener"",https://www.aliexpress.com/w/wholesale-bottle-opener.html,AliExpress bottle opener category"
"c15-42-36-kitchen-scissors-024,""C15-42-36 Kitchen Scissors 024"",https://www.aliexpress.com/w/wholesale-kitchen-scissors.html,AliExpress kitchen scissors category"
"c15-42-37-kitchen-scissors-038,""C15-42-37 Kitchen Scissors 038"",https://www.aliexpress.com/w/wholesale-kitchen-scissors.html,AliExpress kitchen scissors category - shared with kitchen scissors variants"
"c15-42-39-strong-scissors-d-54,""C15-42-39 Strong Scissors D-54"",https://www.aliexpress.com/w/wholesale-heavy-duty-scissors.html,AliExpress heavy duty scissors category"
"c15-42-42-black-knife-set-6-piece,""C15-42-42 Black Knife Set 6-Piece"",https://www.aliexpress.com/item/32915217670.html,Sowoll 6-piece black blade stainless steel knife set"
"c15-42-43-bk816-star-bo-knife-set-8-piece,""C15-42-43 BK816 Star Bo Knife Set 8-Piece"",https://www.aliexpress.com/item/32884466796.html,8-piece stainless steel knife set with block - shared with knife set variants"
"c15-42-44-18cm-wood-handle-strainer,""C15-42-44 18cm Wood Handle Strainer"",https://www.aliexpress.com/item/32828524320.html,18cm wood handle stainless steel strainer - shared with strainer variants"
"c15-42-53-plane-cutter-802611,""C15-42-53 Plane Cutter 802611"",https://www.aliexpress.com/w/wholesale-vegetable-peeler.html,AliExpress vegetable plane peeler/cutter category"
"c15-42-56-pizza-cutter,""C15-42-56 Pizza Cutter"",https://www.aliexpress.com/w/wholesale-pizza-cutter.html,AliExpress pizza cutter/wheel category"
"c15-42-58-black-angled-spatula,""C15-42-58 Black Angled Spatula"",https://www.aliexpress.com/w/wholesale-kitchen-spatula.html,AliExpress kitchen spatula category"
"c15-42-59-stainless-steel-4-in-1-bottle-opener,""C15-42-59 Stainless Steel 4-in-1 Bottle Opener"",https://www.aliexpress.com/w/wholesale-bottle-opener.html,AliExpress 4-in-1 bottle opener category"
"c15-44-1-kzh-stainless-steel-spoon-12-pack,""C15-44-1 KZH Stainless Steel Spoon 12-Pack"",https://www.aliexpress.com/item/1005003328720752.html,12pcs gold stainless steel tableware spoon set"
"c15-44-2-kzh-stainless-steel-fork-12-pack,""C15-44-2 KZH Stainless Steel Fork 12-Pack"",https://www.aliexpress.com/item/32956669713.html,Dinner set cutlery knives forks spoons stainless steel 12-pack"
"c15-44-3-kzh-stainless-steel-knife-12-pack,""C15-44-3 KZH Stainless Steel Knife 12-Pack"",https://www.aliexpress.com/item/32956669713.html,Stainless steel dinner knife 12-pack"
"c15-44-5-scf-spoon-6-pack,""C15-44-5 SCF Spoon 6-Pack"",https://www.aliexpress.com/item/1005001633696552.html,Stainless steel silver cutlery spoon 6-pack"
"c15-44-6-scf-fork-6-pack,""C15-44-6 SCF Fork 6-Pack"",https://www.aliexpress.com/item/1005001633696552.html,Stainless steel silver fork 6-pack"
"c15-44-7-scf-gold-spoon-6-pack,""C15-44-7 SCF Gold Spoon 6-Pack"",https://www.aliexpress.com/item/1005002090130971.html,Stainless steel gold cutlery spoon 6-pack"
"c15-44-8-scf-gold-fork-6-pack,""C15-44-8 SCF Gold Fork 6-Pack"",https://www.aliexpress.com/item/1005002090130971.html,Gold stainless steel fork 6-pack"
"c15-47-1-pumpkin-bowl-45-inch,""C15-47-1 Pumpkin Bowl 4.5-Inch"",https://www.aliexpress.com/item/1005001769230495.html,Creative pumpkin shaped ceramic baking bowl 4.5-inch"
"c15-47-10-bowl-8-pearl-dot,""C15-47-10 Bowl 8-Pearl-Dot"",https://www.aliexpress.com/item/32889098689.html,Chinese ceramic bowl pearl dot pattern - shared with ceramic bowl variants"
"c15-47-11-printed-fruit-plate,""C15-47-11 Printed Fruit Plate"",https://www.aliexpress.com/item/4001014733084.html,Plant flower ceramic plate bowl with decorative print"
"c15-47-12-bowl-7-inch-aviation-style,""C15-47-12 Bowl 7-Inch Aviation Style"",https://www.aliexpress.com/item/32889098689.html,Chinese melamine/ceramic bowl 7-inch style - shared with bowl variants"
"c15-47-13-bowl-6-inch-deep,""C15-47-13 Bowl 6-Inch Deep"",https://www.aliexpress.com/item/32889098689.html,Deep ceramic bowl 6-inch - shared with ceramic bowl variants"
"c15-47-14-plate-10-inch-embossed,""C15-47-14 Plate 10-Inch Embossed"",https://www.aliexpress.com/item/32482123055.html,Melamine dinner plate concave convex embossed 10-inch"
"c15-47-15-large-bullet-cup,""C15-47-15 Large Bullet Cup"",https://www.aliexpress.com/item/32854425001.html,Chinese high quality ceramic tea cup - shared with ceramic cup variants"
"c15-47-16-small-bullet-cup,""C15-47-16 Small Bullet Cup"",https://www.aliexpress.com/item/32854425001.html,Small ceramic tea/bullet cup - shared with ceramic cup variants"
"c15-47-17-16-piece-stoneware-dinnerware-set,""C15-47-17 16-Piece Stoneware Dinnerware Set"",https://www.aliexpress.com/item/1599982170.html,Japanese style melamine dinnerware set - shared with dinnerware set variants"
"c15-47-18-white-cup-set-48-pack,""C15-47-18 White Cup Set 48-Pack"",https://www.aliexpress.com/item/32854425001.html,White ceramic cup set - shared with ceramic cup set variants"
"c15-47-19-white-cup-set-48-pack-variant,""C15-47-19 White Cup Set 48-Pack (variant)"",https://www.aliexpress.com/item/32854425001.html,White ceramic cup set variant - shared with cup set variants"
"c15-47-2-pumpkin-bowl-medium,""C15-47-2 Pumpkin Bowl Medium"",https://www.aliexpress.com/item/32778399391.html,Creative pumpkin ceramic bowl with lid medium"
"c15-47-20-gold-rim-cup,""C15-47-20 Gold-Rim Cup"",https://www.aliexpress.com/item/4001014733084.html,Ceramic cup with gold rim decoration - shared with decorative cup variants"
"c15-47-21-colored-glaze-cup,""C15-47-21 Colored Glaze Cup"",https://www.aliexpress.com/item/4001014733084.html,Colored glaze ceramic cup - shared with ceramic cup variants"
"c15-47-23-ceramic-cup,""C15-47-23 Ceramic Cup"",https://www.aliexpress.com/item/32854425001.html,Chinese ceramic kung fu tea cup - shared with ceramic cup variants"
"c15-47-24-fired-glaze-cup,""C15-47-24 Fired Glaze Cup"",https://www.aliexpress.com/item/32854425001.html,Fired glaze ceramic cup - shared with ceramic cup variants"
"c15-47-25-fired-glaze-cup-variant,""C15-47-25 Fired Glaze Cup (variant)"",https://www.aliexpress.com/item/32854425001.html,Fired glaze ceramic cup variant - shared with ceramic cup variants"
"c15-47-26-fired-glaze-cup-rx-6,""C15-47-26 Fired Glaze Cup RX-6"",https://www.aliexpress.com/item/32854425001.html,Fired glaze ceramic cup RX-6 - shared with ceramic cup variants"
"c15-47-27-ceramic-cup-large,""C15-47-27 Ceramic Cup (large)"",https://www.aliexpress.com/item/32854425001.html,Large ceramic cup - shared with ceramic cup variants"
"c15-47-28-hand-painted-plate,""C15-47-28 Hand-Painted Plate"",https://www.aliexpress.com/item/4001014733084.html,Hand-painted floral ceramic plate - shared with decorative plate variants"
"c15-47-29-double-plate-set-105-inch,""C15-47-29 Double-Plate Set 10.5-Inch"",https://www.aliexpress.com/item/32482123055.html,Melamine dinner plate set 10.5-inch - shared with plate set variants"
"c15-47-3-ceramic-bowl,""C15-47-3 Ceramic Bowl"",https://www.aliexpress.com/item/32889098689.html,Chinese ceramic soup bowl - shared with ceramic bowl variants"
"c15-47-4-pearl-dot-bowl-6-piece-design,""C15-47-4 Pearl-Dot Bowl 6-Piece Design"",https://www.aliexpress.com/item/32889098689.html,Pearl dot bowl ceramic 6-piece design - shared with bowl variants"
"c15-47-5-bowl-7-inch-black-edge,""C15-47-5 Bowl 7-Inch Black-Edge"",https://www.aliexpress.com/item/32889098689.html,Black-edge ceramic bowl 7-inch - shared with bowl variants"
"c15-47-6-bowl-95-inch,""C15-47-6 Bowl 9.5-Inch"",https://www.aliexpress.com/item/32889098689.html,Ceramic soup bowl 9.5-inch - shared with bowl variants"
"c15-47-7-dish-8-pearl-dot,""C15-47-7 Dish 8-Pearl-Dot"",https://www.aliexpress.com/item/32889098689.html,Dish 8-inch pearl dot ceramic - shared with dish variants"
"c15-47-8-pumpkin-bowl-medium-large,""C15-47-8 Pumpkin Bowl Medium-Large"",https://www.aliexpress.com/item/4000670477331.html,Kitchen utensils pumpkin bowl ceramic soup bowl medium-large"
"c15-47-9-bowl-9-pearl-dot,""C15-47-9 Bowl 9-Pearl-Dot"",https://www.aliexpress.com/item/32889098689.html,9-inch pearl dot ceramic bowl - shared with bowl variants"
"c16-21-11-3-piece-gh5373-diamond-water-bottle-set,""C16-21-11 3-Piece GH5373 Diamond Water Bottle Set"",https://www.aliexpress.com/item/4000701203798.html,3-piece sports water bottle set plastic BPA free"
"c16-21-12-gh69958-vacuum-coffee-cup,""C16-21-12 GH69958 Vacuum Coffee Cup"",https://www.aliexpress.com/item/1005006409061488.html,800/1000ml stainless steel thermos vacuum bottle"
"c16-21-13-gh699781-car-cup,""C16-21-13 GH699781 Car Cup"",https://www.aliexpress.com/item/1005006409061488.html,Stainless steel travel/car cup thermos - shared with car cup variants"
"c16-21-14-black-car-cup,""C16-21-14 Black Car Cup"",https://www.aliexpress.com/item/1005006409061488.html,Black stainless steel car cup thermos - shared with car cup variants"
"c16-21-15-white-car-cup,""C16-21-15 White Car Cup"",https://www.aliexpress.com/item/1005006409061488.html,White car cup thermos - shared with car cup variants"
"c16-21-16-900ml-handle-cup,""C16-21-16 900ml Handle Cup"",https://www.aliexpress.com/item/32818246372.html,900ml handle plastic water bottle cup"
"c16-21-17-800ml-sport-bottle,""C16-21-17 800ml Sport Bottle"",https://www.aliexpress.com/item/4000701203798.html,800ml sport water bottle plastic BPA free"
"c16-21-18-1000ml-sport-bottle,""C16-21-18 1000ml Sport Bottle"",https://www.aliexpress.com/item/4000701203798.html,1000ml sport water bottle portable leakproof - shared with sport bottle variants"
"c16-21-4-happy-every-day-water-bottle,""C16-21-4 Happy Every Day Water Bottle"",https://www.aliexpress.com/item/32818246372.html,Outdoor plastic water bottle with happy print"
"c16-21-5-luck-bear-cup,""C16-21-5 Luck Bear Cup"",https://www.aliexpress.com/item/1005003555159920.html,Cute fruit/bear ceramic mug cup with handle"
"c16-21-7-gf095-water-bottle,""C16-21-7 GF095 Water Bottle"",https://www.aliexpress.com/item/32818246372.html,GF095 plastic outdoor water bottle - shared with water bottle variants"
"c16-21-8-gf094-water-bottle,""C16-21-8 GF094 Water Bottle"",https://www.aliexpress.com/item/32818246372.html,GF094 plastic water bottle - shared with water bottle variants"
"c5-31-1-melamine-dessert-spoon-with-floral-pattern,""C5-31-1 Melamine Dessert Spoon with Floral Pattern"",https://www.aliexpress.com/item/1599982170.html,Melamine floral pattern dinnerware/spoon - shared with melamine tableware variants"
"c5-31-10-8-inch-melamine-plate-with-purple-floral-print,""C5-31-10 8-Inch Melamine Plate with Purple Floral Print"",https://www.aliexpress.com/item/1005002830906701.html,BPA-free melamine dinner plate 8-inch"
"c5-31-11-8-inch-melamine-plate-with-scalloped-edge,""C5-31-11 8-Inch Melamine Plate with Scalloped Edge"",https://www.aliexpress.com/item/1005003509135608.html,Melamine dinner plate 8-inch BPA-free"
"c5-31-12-8-inch-melamine-plate-with-gold-and-red-band,""C5-31-12 8-Inch Melamine Plate with Gold and Red Band"",https://www.aliexpress.com/item/32482123055.html,Melamine dinner plate gold red band - shared with decorative melamine plate variants"
"c5-31-13-9-inch-melamine-plate-with-blue-chinoiserie-pattern,""C5-31-13 9-Inch Melamine Plate with Blue Chinoiserie Pattern"",https://www.aliexpress.com/item/32482123055.html,Melamine plate 9-inch blue chinoiserie pattern"
"c5-31-14-11-inch-deep-melamine-serving-plate-with-blue-floral,""C5-31-14 11-Inch Deep Melamine Serving Plate with Blue Floral"",https://www.aliexpress.com/item/1599982170.html,Melamine 11-inch deep serving plate blue floral"
"c5-31-15-11-inch-deep-melamine-serving-plate-with-lily-design,""C5-31-15 11-Inch Deep Melamine Serving Plate with Lily Design"",https://www.aliexpress.com/item/1599982170.html,Melamine 11-inch deep serving plate lily design"
"c5-31-16-14-inch-oval-melamine-serving-tray,""C5-31-16 14-Inch Oval Melamine Serving Tray"",https://www.aliexpress.com/item/4001873420254.html,European plastic melamine oval boat-shape serving tray"
"c5-31-17-16-inch-large-oval-melamine-serving-tray,""C5-31-17 16-Inch Large Oval Melamine Serving Tray"",https://www.aliexpress.com/item/4001873420254.html,European plastic melamine large oval serving tray"
"c5-31-2-melamine-ladle-with-floral-pattern,""C5-31-2 Melamine Ladle with Floral Pattern"",https://www.aliexpress.com/item/1599982170.html,Melamine ladle floral pattern - shared with melamine tableware variants"
"c5-31-3-6-inch-melamine-ripple-bowl-with-floral-pattern,""C5-31-3 6-Inch Melamine Ripple Bowl with Floral Pattern"",https://www.aliexpress.com/item/32397281658.html,Melamine bowl 6-inch with floral/rainbow pattern"
"c5-31-4-8-inch-melamine-ripple-bowl-with-floral-pattern,""C5-31-4 8-Inch Melamine Ripple Bowl with Floral Pattern"",https://www.aliexpress.com/item/32397281658.html,Melamine bowl 8-inch floral pattern - shared with melamine bowl variants"
"c5-31-5-9-inch-large-melamine-ripple-bowl-with-floral-pattern,""C5-31-5 9-Inch Large Melamine Ripple Bowl with Floral Pattern"",https://www.aliexpress.com/item/32397281658.html,Melamine bowl 9-inch large floral pattern - shared with melamine bowl variants"
"c5-31-8-12-inch-oval-melamine-serving-plate,""C5-31-8 12-Inch Oval Melamine Serving Plate"",https://www.aliexpress.com/item/4001873420254.html,European plastic melamine 12-inch oval serving plate"
"c5-31-9-8-inch-melamine-bowl-with-fruit-pattern,""C5-31-9 8-Inch Melamine Bowl with Fruit Pattern"",https://www.aliexpress.com/item/32397281658.html,Melamine bowl 8-inch fruit pattern - shared with melamine bowl variants"
"cl-p303-3-piece-kitchen-knife-set,""CL-P303 3-Piece Kitchen Knife Set"",https://www.aliexpress.com/item/32915217670.html,3-piece stainless steel kitchen knife set"
"er-0238a-large-craft-steak-knife-6-piece,""ER-0238A Large Craft Steak Knife 6-Piece"",https://www.aliexpress.com/item/1005004233348970.html,6-piece steak knife set serrated - shared with steak knife variants"
"er-0278-mini-straw-box-6-piece,""ER-0278 Mini Straw Box 6-Piece"",https://www.aliexpress.com/w/wholesale-drinking-straw-set.html,AliExpress mini straw box set category"
"fan-handle-6-piece-black-knife-set,""Fan-Handle 6-Piece Black Knife Set"",https://www.aliexpress.com/item/32915217670.html,6-piece black blade stainless steel kitchen knife set"
"fe01-solid-spatula-black-handle,""FE01 Solid Spatula Black Handle"",https://www.aliexpress.com/w/wholesale-kitchen-spatula.html,AliExpress solid spatula black handle category"
"fe02-slotted-spatula-black-handle,""FE02 Slotted Spatula Black Handle"",https://www.aliexpress.com/w/wholesale-slotted-spatula.html,AliExpress slotted spatula black handle category"
"fe06-soup-ladle-black-handle,""FE06 Soup Ladle Black Handle"",https://www.aliexpress.com/w/wholesale-soup-ladle.html,AliExpress soup ladle black handle category"
"fe07-strainer-ladle-black-handle,""FE07 Strainer Ladle Black Handle"",https://www.aliexpress.com/w/wholesale-strainer-ladle.html,AliExpress strainer ladle black handle category"
"fe08-pasta-strainer-ladle-black-handle,""FE08 Pasta Strainer Ladle Black Handle"",https://www.aliexpress.com/w/wholesale-pasta-strainer.html,AliExpress pasta strainer ladle category"
"fe10-egg-whisk-black-handle,""FE10 Egg Whisk Black Handle"",https://www.aliexpress.com/w/wholesale-egg-whisk.html,AliExpress egg whisk black handle category"
"gf-7-inch-japanese-gold-spray-knife,""GF-7 Inch Japanese Gold-Spray Knife"",https://www.aliexpress.com/item/32382534011.html,7-inch Japanese stainless steel gold spray kitchen knife"
"gj-313-vegetable-grater,""GJ-313 Vegetable Grater"",https://www.aliexpress.com/item/1005001291477577.html,Multi-purpose stainless steel vegetable grater cutter"
"gw-8005-super-hand-mixer,""GW-8005 Super Hand Mixer"",https://www.aliexpress.com/item/1005005805334573.html,Electric hand mixer egg beater 300W 5-speed"
"gw-8032-electric-kettle,""GW-8032 Electric Kettle"",https://www.aliexpress.com/item/1005004411726537.html,Konka electric kettle 1.7L stainless steel auto power-off"
"ht054-2-wide-rim-mesh-strainer,""HT054-2 Wide-Rim Mesh Strainer"",https://www.aliexpress.com/item/32828524320.html,Stainless steel wide-rim mesh strainer/drainer"
"jy-b24-knife-and-sharpening-rod-set,""JY-B24 Knife and Sharpening Rod Set"",https://www.aliexpress.com/item/32734526903.html,Knife and sharpening rod/steel set"
"k-001-black-handle-cleaver-blister-pack,""K-001 Black Handle Cleaver Blister Pack"",https://www.aliexpress.com/item/32915217670.html,Black handle stainless steel cleaver blister pack"
"k-601-orange-handle-cleaver-blister-pack,""K-601 Orange Handle Cleaver Blister Pack"",https://www.aliexpress.com/item/32382534011.html,Colorful/orange handle stainless steel cleaver"
"ld11-2-8-inch-meat-cleaver,""LD11-2 8-Inch Meat Cleaver"",https://www.aliexpress.com/item/32884466796.html,XYj stainless steel 8-inch meat cleaver"
"ls2b-fork-small-knife-set,""LS2B Fork Small Knife Set"",https://www.aliexpress.com/item/32383807808.html,HAKOONA stainless steel cutlery fork knife set"
"lxg410-10-inch-plum-blossom-tongs,""LXG410 10-Inch Plum Blossom Tongs"",https://www.aliexpress.com/item/1005002789436553.html,Stainless steel kitchen tongs egg tongs - shared with tong variants"
"lxg410-12-inch-plum-blossom-tongs,""LXG410 12-Inch Plum Blossom Tongs"",https://www.aliexpress.com/item/1005002789436553.html,Stainless steel kitchen plum blossom tongs 12-inch"
"m06-41-u-type-ginger-grater,""M06-41 U-Type Ginger Grater"",https://www.aliexpress.com/item/32692607335.html,Stainless steel garlic ginger slicer grater U-type"
"myd6603-vegetable-grater,""MYD6603 Vegetable Grater"",https://www.aliexpress.com/item/1005002787613220.html,Multi-purpose stainless steel vegetable grater slicer - shared with grater variants"
"myd6637-vegetable-grater,""MYD6637 Vegetable Grater"",https://www.aliexpress.com/item/1005002787613220.html,Stainless steel vegetable grater cutter - shared with grater variants"
"sg-9200-knife-set,""SG-9200 Knife Set"",https://www.aliexpress.com/item/32884466796.html,XYj 6-piece stainless steel kitchen knife set"
"small-garlic-mortar-set,""Small Garlic Mortar Set"",https://www.aliexpress.com/w/wholesale-garlic-mortar-pestle.html,AliExpress garlic mortar pestle category"
"t-013-wood-base-8-piece-knife-block-set,""T-013 Wood Base 8-Piece Knife Block Set"",https://www.aliexpress.com/item/32884466796.html,8-piece stainless steel knife set with wood block"
"ta-201-kitchen-spatula,""TA-201 Kitchen Spatula"",https://www.aliexpress.com/w/wholesale-kitchen-spatula.html,AliExpress kitchen spatula category"
"usb-mini-food-processor,""USB Mini Food Processor"",https://www.aliexpress.com/item/1005003440388859.html,USB rechargeable portable mini food processor/blender"
"wl-264-36cm-dish-rack,""WL-264 36cm Dish Rack"",https://www.aliexpress.com/item/32972708042.html,304 stainless steel kitchen plate dish drying rack 36cm"
"xb2022d10-egg-tongs-10-inch,""XB2022#D10 Egg Tongs 10-Inch"",https://www.aliexpress.com/item/1005002789436553.html,Egg tongs 10-inch stainless steel kitchen"
"yb-209-vegetable-grater,""YB-209 Vegetable Grater"",https://www.aliexpress.com/item/1005002787613220.html,Stainless steel vegetable grater - shared with grater variants"
"g-134-power-bank-10000mah,""G-134 Power Bank 10000MAH"",https://www.aliexpress.com/item/32736297999.html,TOPROAD 10000mAh ultra slim power bank dual USB"
"gw-power-bank-10000mah,""GW Power Bank 10000MAH"",https://www.aliexpress.com/item/32736297999.html,10000mAh slim portable power bank - shared with power bank variants"
"gw-power-bank-wireless-5000mah,""GW Power Bank Wireless 5000MAH"",https://www.aliexpress.com/item/4000438754601.html,Wireless 10000mAh power bank LED screen - closest wireless power bank match"
"gw-139-power-bank-10000mah,""GW-139 Power Bank 10000MAH"",https://www.aliexpress.com/item/32912333474.html,USAMS 10000mAh slim dual USB power bank LED light"
"kx025-power-bank-10000mah,""KX025 Power Bank 10000MAH"",https://www.aliexpress.com/item/32864815742.html,Tecknet 10000mAh power bank slim dual USB quick charge"
"phone-smart-watch-with-sim-card,""PHONE Smart Watch with SIM Card"",https://www.aliexpress.com/item/1005006731802845.html,T800 T900 S8 smart watch 4G network SIM card"
"su-u9-mini-ultra-smart-watch,""SU U9 Mini Ultra Smart Watch"",https://www.aliexpress.com/item/1005003602379408.html,T900 Pro Max smartwatch series IWO Bluetooth call - shared with ultra smartwatch variants"
"su-u9-ultra-smart-watch,""SU U9 Ultra Smart Watch"",https://www.aliexpress.com/item/1005003602379408.html,T900 Pro Max ultra smartwatch - shared with ultra smartwatch variants"
"t500-fitpro-smart-watch,""T500 FitPro Smart Watch"",https://www.aliexpress.com/item/1005001896206387.html,Smart Watch T500 plus Bluetooth call fitness tracker"
"t800-ultra2-smart-watch,""T800 Ultra2 Smart Watch"",https://www.aliexpress.com/item/1005001890117684.html,Smartwatch T800 Bluetooth call custom dial fitness tracker"
"t900-smart-watch,""T900 Smart Watch"",https://www.aliexpress.com/item/1005003607747858.html,T900 Pro Max smartwatch Series 7 heart rate Bluetooth call"
"t900-usmart-watch,""T900 USmart Watch"",https://www.aliexpress.com/item/1005003602379408.html,T900 USmart Watch Bluetooth call fitness - shared with T900 variants"
"watch10-201-inch-smart-watch,""WATCH10 2.01-Inch Smart Watch"",https://www.aliexpress.com/item/1005003602379408.html,2.01-inch large screen smartwatch IWO series"
"x10-ultra3-smart-watch,""X10 Ultra3 Smart Watch"",https://www.aliexpress.com/item/1005003602379408.html,X10 Ultra smartwatch Bluetooth call fitness tracker - shared with ultra smartwatch variants"
"c15-25-26-electrical-insulation-tape-20-yard,""C15-25-26 Electrical Insulation Tape 20-Yard"",https://www.aliexpress.com/item/1005001596234981.html,20m PVC electrical insulation tape flame retardant waterproof"
"c15-25-27-electrical-insulation-tape-10-yard,""C15-25-27 Electrical Insulation Tape 10-Yard"",https://www.aliexpress.com/item/1005001596234981.html,10m PVC electrical insulation tape - shared with insulation tape variants"
"c15-25-28-electrical-insulation-tape-5-yard,""C15-25-28 Electrical Insulation Tape 5-Yard"",https://www.aliexpress.com/item/32829338264.html,PVC electrical insulation tape - shared with insulation tape variants"
"c15-25-29-ab-epoxy-glue-10g,""C15-25-29 AB Epoxy Glue 10g"",https://www.aliexpress.com/item/32990225954.html,10g multi-purpose AB epoxy resin glue"
"c15-25-30-universal-contact-cement-glue,""C15-25-30 Universal Contact Cement Glue"",https://www.aliexpress.com/item/32608112790.html,AB all-purpose adhesive water super liquid contact glue"
"c15-25-31-super-glue-12-pack,""C15-25-31 Super Glue 12-Pack"",https://www.aliexpress.com/item/32946752530.html,Kafuter AB super adhesive cyanoacrylate epoxy glue - shared with super glue variants"
"c15-25-32-thin-hot-glue-sticks-10-pack-7mm,""C15-25-32 Thin Hot Glue Sticks 10-Pack 7mm"",https://www.aliexpress.com/w/wholesale-hot-glue-sticks.html,AliExpress thin 7mm hot glue sticks category"
"c15-25-33-thick-hot-glue-sticks-5-pack-11mm,""C15-25-33 Thick Hot Glue Sticks 5-Pack 11mm"",https://www.aliexpress.com/w/wholesale-hot-glue-sticks.html,AliExpress thick 11mm hot glue sticks category"
"c15-25-34-waterproof-flashing-tape-5m-x-5cm,""C15-25-34 Waterproof Flashing Tape 5m x 5cm"",https://www.aliexpress.com/item/32964128654.html,Waterproof strong adhesive flashing/butyl tape 5m"
"c15-25-35-waterproof-flashing-tape-10m-x-5cm,""C15-25-35 Waterproof Flashing Tape 10m x 5cm"",https://www.aliexpress.com/item/32964128654.html,Waterproof flashing tape 10m x 5cm - shared with waterproof tape variants"
"c15-36-28-60mm-zhoushi-gold-padlock,""C15-36-28 60mm Zhoushi Gold Padlock"",https://www.aliexpress.com/item/32809926439.html,Brass padlock 60mm gold one key anti-theft door cabinet"
"c15-36-35-50mm-dikas-d60-silver-padlock,""C15-36-35 50mm Dikas D60 Silver Padlock"",https://www.aliexpress.com/item/32670993030.html,50mm high security zinc alloy padlock silver"
"c15-36-36-60mm-dikas-d60-silver-padlock,""C15-36-36 60mm Dikas D60 Silver Padlock"",https://www.aliexpress.com/item/32809926439.html,60mm zinc alloy silver padlock - shared with padlock variants"
"c15-36-37-70mm-dikas-d70-silver-padlock,""C15-36-37 70mm Dikas D70 Silver Padlock"",https://www.aliexpress.com/item/32809926439.html,70mm zinc alloy padlock silver - shared with padlock variants"
"c15-36-5-baglock-dik-arc-shell-padlock-12-pack,""C15-36-5 Baglock Dik Arc-Shell Padlock 12-Pack"",https://www.aliexpress.com/item/32670993030.html,High security keyed alike zinc alloy padlock multi-pack"
"c15-37-1-cutting-blade-11-inch,""C15-37-1 Cutting Blade 1.1-Inch"",https://www.aliexpress.com/item/32854528566.html,Metal cutting disc for angle grinder stainless steel resin blade"
"c15-37-10-wood-cutting-disc-40t-gl23010,""C15-37-10 Wood Cutting Disc 40T GL23010"",https://www.aliexpress.com/item/32854528566.html,Wood cutting disc 40T for angle grinder - shared with cutting disc variants"
"c15-37-11-wood-cutting-disc-30t-gl18010,""C15-37-11 Wood Cutting Disc 30T GL18010"",https://www.aliexpress.com/item/32854528566.html,Wood cutting disc 30T - shared with cutting disc variants"
"c15-37-12-diamond-disc-30t-115mm-gl11510,""C15-37-12 Diamond Disc 30T 115mm GL11510"",https://www.aliexpress.com/item/1005002660686722.html,115mm metal resin cutting disc diamond"
"c15-37-13-diamond-disc-115mm-gl11520,""C15-37-13 Diamond Disc 115mm GL11520"",https://www.aliexpress.com/item/1005002660686722.html,Diamond disc 115mm angle grinder - shared with diamond disc variants"
"c15-37-14-diamond-disc-180mm-gl18020,""C15-37-14 Diamond Disc 180mm GL18020"",https://www.aliexpress.com/item/32854528566.html,Diamond cutting disc 180mm for angle grinder - shared with disc variants"
"c15-37-15-diamond-disc-230mm-gl23020,""C15-37-15 Diamond Disc 230mm GL23020"",https://www.aliexpress.com/item/32854528566.html,Diamond disc 230mm angle grinder - shared with disc variants"
"c15-37-2-cutting-blade-45-inch-180mm,""C15-37-2 Cutting Blade 4.5-Inch 180mm"",https://www.aliexpress.com/item/32854528566.html,Cutting blade 4.5-inch 180mm angle grinder disc - shared with cutting blade variants"
"c15-37-3-cutting-blade-45-inch-230mm,""C15-37-3 Cutting Blade 4.5-Inch 230mm"",https://www.aliexpress.com/item/32854528566.html,Cutting blade 4.5-inch 230mm - shared with cutting blade variants"
"c15-37-4-sandpaper-60-grit,""C15-37-4 Sandpaper #60 Grit"",https://www.aliexpress.com/item/4000055231036.html,40/60/80/120 grit grinding flap discs sanding"
"c15-37-5-sandpaper-80-grit,""C15-37-5 Sandpaper #80 Grit"",https://www.aliexpress.com/item/4000055231036.html,80 grit sandpaper/sanding disc - shared with sandpaper variants"
"c15-37-6-sandpaper-120-grit,""C15-37-6 Sandpaper #120 Grit"",https://www.aliexpress.com/item/4000055231036.html,120 grit sandpaper - shared with sandpaper variants"
"c15-37-7-abrasive-cloth-120-grit,""C15-37-7 Abrasive Cloth #120 Grit"",https://www.aliexpress.com/item/1005001993481741.html,Ezarc flap discs 115mm zirconia abrasive cloth 120 grit"
"c15-37-8-abrasive-cloth-100-grit,""C15-37-8 Abrasive Cloth #100 Grit"",https://www.aliexpress.com/item/1005001993481741.html,Abrasive cloth 100 grit for angle grinder - shared with abrasive cloth variants"
"c15-37-9-abrasive-cloth-80-grit,""C15-37-9 Abrasive Cloth #80 Grit"",https://www.aliexpress.com/item/1005001993481741.html,Abrasive cloth 80 grit - shared with abrasive cloth variants"
"c15-40-100-professional-fold-tool-set,""C15-40-100 Professional Fold Tool Set"",https://www.aliexpress.com/item/4000705900438.html,KALAIDUN precision screwdriver fold tool set 115-in-1"
"c15-40-3-spray-gun-4-piece-set,""C15-40-3 Spray Gun 4-Piece Set"",https://www.aliexpress.com/item/32907840225.html,4-piece airbrush spray gun wash cleaning tools set"
"c15-40-39-4x300mm-black-cable-ties-pack,""C15-40-39 4x300mm Black Cable Ties Pack"",https://www.aliexpress.com/item/32869355383.html,100pcs nylon cable ties 4*300mm black self-locking"
"c15-40-69-3-piece-adjustable-wrench-set,""C15-40-69 3-Piece Adjustable Wrench Set"",https://www.aliexpress.com/item/1005003681847644.html,3-piece adjustable wrench spanner hand tool set"
"c16-40-101-4x400mm-black-cable-ties-pack,""C16-40-101 4x400mm Black Cable Ties Pack"",https://www.aliexpress.com/item/32826680705.html,100pcs nylon cable ties 4*400mm self-locking black"
"c16-40-102-4x500mm-black-cable-ties-pack,""C16-40-102 4x500mm Black Cable Ties Pack"",https://www.aliexpress.com/item/32826680705.html,Nylon cable ties 4x500mm black - shared with cable ties variants"
"c16-40-103-115-piece-screwdriver-set,""C16-40-103 115-Piece Screwdriver Set"",https://www.aliexpress.com/item/4000090045209.html,115-in-1 multi-function magnetic precision screwdriver set kit"
"c16-40-32-6-piece-professional-wrench-set,""C16-40-32 6-Piece Professional Wrench Set"",https://www.aliexpress.com/item/32843530275.html,R'DEER 5-piece ratchet wrench adjustable sleeve set"
"c16-40-38-4x200mm-black-cable-ties-pack,""C16-40-38 4x200mm Black Cable Ties Pack"",https://www.aliexpress.com/item/32869355383.html,100pcs nylon cable ties 4x200mm black"
"c16-40-75-electric-soldering-iron,""C16-40-75 Electric Soldering Iron"",https://www.aliexpress.com/item/1005003425461674.html,60W adjustable temperature electric soldering iron kit set"
"c16-40-97-46-piece-socket-tool-set,""C16-40-97 46-Piece Socket Tool Set"",https://www.aliexpress.com/item/4000527881270.html,46-piece socket ratchet car repair tool wrench set"
